filepath,language,gender,filename,student_id,valid,duration
./raw/German/Female/620203020_female_german_voice04.mp3,german,female,620203020_female_german_voice04.mp3,620203020,True,56.830453514739226
./raw/German/Female/620203020_female_german_voice13.mp3,german,female,620203020_female_german_voice13.mp3,620203020,True,61.9
./raw/German/Female/620203020_female_german_voice14.mp3,german,female,620203020_female_german_voice14.mp3,620203020,True,68.97739229024943
./raw/German/Female/620203020_female_german_voice16.mp3,german,female,620203020_female_german_voice16.mp3,620203020,True,61.287346938775514
./raw/German/Female/620203020_female_german_voice17.mp3,german,female,620203020_female_german_voice17.mp3,620203020,True,57.8
./raw/German/Female/620203020_female_german_voice19.mp3,german,female,620203020_female_german_voice19.mp3,620203020,True,62.17142857142857
./raw/German/Female/810100121_female_german_voice03.mp3,german,female,810100121_female_german_voice03.mp3,810100121,True,56.3
./raw/German/Female/810100121_female_german_voice04.mp3,german,female,810100121_female_german_voice04.mp3,810100121,True,64.2
./raw/German/Female/810100121_female_german_voice16.mp3,german,female,810100121_female_german_voice16.mp3,810100121,True,63.5
./raw/German/Female/810100200_female_german_voice12.mp3,german,female,810100200_female_german_voice12.mp3,810100200,True,58.36
./raw/German/Female/810100200_female_german_voice13.mp3,german,female,810100200_female_german_voice13.mp3,810100200,True,59.543
./raw/German/Female/810100200_female_german_voice15.mp3,german,female,810100200_female_german_voice15.mp3,810100200,True,53.4
./raw/German/Female/810100200_female_german_voice2.mp3,german,female,810100200_female_german_voice2.mp3,810100200,True,52.953
./raw/German/Female/810100200_female_german_voice5.mp3,german,female,810100200_female_german_voice5.mp3,810100200,True,56.96
./raw/German/Female/810100200_female_german_voice7.mp3,german,female,810100200_female_german_voice7.mp3,810100200,True,42.64
./raw/German/Female/810100200_female_german_voice9.mp3,german,female,810100200_female_german_voice9.mp3,810100200,True,57.272
./raw/German/Female/810101380_female_german_voice1.mp3,german,female,810101380_female_german_voice1.mp3,810101380,True,61.132290249433105
./raw/German/Female/810101380_female_german_voice10.mp3,german,female,810101380_female_german_voice10.mp3,810101380,True,57.347596371882084
./raw/German/Female/810101380_female_german_voice13.mp3,german,female,810101380_female_german_voice13.mp3,810101380,True,59.88140589569161
./raw/German/Female/810101380_female_german_voice14.mp3,german,female,810101380_female_german_voice14.mp3,810101380,True,59.84934240362812
./raw/German/Female/810101380_female_german_voice19.mp3,german,female,810101380_female_german_voice19.mp3,810101380,True,60.77947845804989
./raw/German/Female/810101380_female_german_voice2.mp3,german,female,810101380_female_german_voice2.mp3,810101380,True,60.10591836734694
./raw/German/Female/810101380_female_german_voice6.mp3,german,female,810101380_female_german_voice6.mp3,810101380,True,62.09448979591837
./raw/German/Female/810102483_female_german_voice06.mp3,german,female,810102483_female_german_voice06.mp3,810102483,True,54.0
./raw/German/Female/810102483_female_german_voice13.mp3,german,female,810102483_female_german_voice13.mp3,810102483,True,55.0
./raw/German/Female/810102483_female_german_voice14.mp3,german,female,810102483_female_german_voice14.mp3,810102483,True,64.0
./raw/German/Female/810102483_female_german_voice16.mp3,german,female,810102483_female_german_voice16.mp3,810102483,True,60.0
./raw/German/Female/810102543_female_german_voice02.mp3,german,female,810102543_female_german_voice02.mp3,810102543,True,54.0
./raw/German/Female/810102543_female_german_voice03.mp3,german,female,810102543_female_german_voice03.mp3,810102543,True,63.0
./raw/German/Female/810102543_female_german_voice05.mp3,german,female,810102543_female_german_voice05.mp3,810102543,True,62.0
./raw/German/Female/810102543_female_german_voice06.mp3,german,female,810102543_female_german_voice06.mp3,810102543,True,60.0
./raw/German/Female/810102543_female_german_voice07.mp3,german,female,810102543_female_german_voice07.mp3,810102543,True,60.0
./raw/German/Female/810102543_female_german_voice10.mp3,german,female,810102543_female_german_voice10.mp3,810102543,True,63.0
./raw/German/Female/810102543_female_german_voice14.mp3,german,female,810102543_female_german_voice14.mp3,810102543,True,59.0
./raw/German/Female/810102543_female_german_voice16.mp3,german,female,810102543_female_german_voice16.mp3,810102543,True,60.0
./raw/German/Female/810102543_female_german_voice17.mp3,german,female,810102543_female_german_voice17.mp3,810102543,True,59.0
./raw/German/Female/810103084_female_german_voice12.mp3,german,female,810103084_female_german_voice12.mp3,810103084,True,55.0
./raw/German/Female/810103084_female_german_voice13.mp3,german,female,810103084_female_german_voice13.mp3,810103084,True,64.0
./raw/German/Female/810103084_female_german_voice15.mp3,german,female,810103084_female_german_voice15.mp3,810103084,True,58.0
./raw/German/Female/810103084_female_german_voice17.mp3,german,female,810103084_female_german_voice17.mp3,810103084,True,59.0
./raw/German/Female/810103160_female_german_voice04.mp3,german,female,810103160_female_german_voice04.mp3,810103160,True,45.300979166666664
./raw/German/Female/810103160_female_german_voice05.mp3,german,female,810103160_female_german_voice05.mp3,810103160,True,62.82097916666667
./raw/German/Female/810103160_female_german_voice06.mp3,german,female,810103160_female_german_voice06.mp3,810103160,True,58.092979166666666
./raw/German/Female/810103160_female_german_voice07.mp3,german,female,810103160_female_german_voice07.mp3,810103160,True,63.39697916666667
./raw/German/Female/810104049_female_german_voice14.mp3,german,female,810104049_female_german_voice14.mp3,810104049,True,75.9735
./raw/German/Female/810104049_female_german_voice18.mp3,german,female,810104049_female_german_voice18.mp3,810104049,True,62.9735
./raw/German/Female/810104145_female_german_voice01.mp3,german,female,810104145_female_german_voice01.mp3,810104145,True,66.58718820861678
./raw/German/Female/810104145_female_german_voice04.mp3,german,female,810104145_female_german_voice04.mp3,810104145,True,61.20596371882086
./raw/German/Female/810104145_female_german_voice06.mp3,german,female,810104145_female_german_voice06.mp3,810104145,True,62.407596371882086
./raw/German/Female/810104145_female_german_voice09.mp3,german,female,810104145_female_german_voice09.mp3,810104145,True,62.79943310657596
./raw/German/Female/810104145_female_german_voice12.mp3,german,female,810104145_female_german_voice12.mp3,810104145,True,70.45331065759638
./raw/German/Female/810104145_female_german_voice18.mp3,german,female,810104145_female_german_voice18.mp3,810104145,True,65.28106575963719
./raw/German/Female/810104170_female_german_voice12.mp3,german,female,810104170_female_german_voice12.mp3,810104170,True,59.06
./raw/German/Female/810104170_female_german_voice15.mp3,german,female,810104170_female_german_voice15.mp3,810104170,True,62.46
./raw/German/Female/810104170_female_german_voice18.mp3,german,female,810104170_female_german_voice18.mp3,810104170,True,56.82
./raw/German/Female/810104170_female_german_voice20.mp3,german,female,810104170_female_german_voice20.mp3,810104170,True,63.52
./raw/German/Female/810104170_female_german_voice3.mp3,german,female,810104170_female_german_voice3.mp3,810104170,True,61.32
./raw/German/Female/810104170_female_german_voice7.mp3,german,female,810104170_female_german_voice7.mp3,810104170,True,65.04
./raw/German/Female/998104021_female_german_voice04.mp3,german,female,998104021_female_german_voice04.mp3,998104021,True,62.0
./raw/German/Female/998104021_female_german_voice07.mp3,german,female,998104021_female_german_voice07.mp3,998104021,True,59.0
./raw/German/Female/998104021_female_german_voice09.mp3,german,female,998104021_female_german_voice09.mp3,998104021,True,68.0
./raw/German/Female/998104021_female_german_voice12.mp3,german,female,998104021_female_german_voice12.mp3,998104021,True,57.0
./raw/German/Female/998104021_female_german_voice14.mp3,german,female,998104021_female_german_voice14.mp3,998104021,True,58.0
./raw/German/Female/998104021_female_german_voice15.mp3,german,female,998104021_female_german_voice15.mp3,998104021,True,58.0
./raw/German/Female/810101380_female_german_voice9.mp3,german,female,810101380_female_german_voice9.mp3,810101380,True,60.39458049886621
./raw/German/Female/810101395_female_German_voice16.mp3,german,female,810101395_female_German_voice16.mp3,810101395,True,62.55455782312925
./raw/German/Female/810101395_female_German_voice2.mp3,german,female,810101395_female_German_voice2.mp3,810101395,True,61.06848072562358
./raw/German/Female/810101395_female_German_voice4.mp3,german,female,810101395_female_German_voice4.mp3,810101395,True,59.53596371882086
./raw/German/Female/810101432_female_german_voice02.mp3,german,female,810101432_female_german_voice02.mp3,810101432,True,56.63453514739229
./raw/German/Female/810101432_female_german_voice05.mp3,german,female,810101432_female_german_voice05.mp3,810101432,True,58.35399092970521
./raw/German/Female/810101432_female_german_voice06.mp3,german,female,810101432_female_german_voice06.mp3,810101432,True,55.556009070294785
./raw/German/Female/810101432_female_german_voice09.mp3,german,female,810101432_female_german_voice09.mp3,810101432,True,55.13204081632653
./raw/German/Female/810101432_female_german_voice10.mp3,german,female,810101432_female_german_voice10.mp3,810101432,True,54.16598639455783
./raw/German/Female/810101432_female_german_voice13.mp3,german,female,810101432_female_german_voice13.mp3,810101432,True,57.86904761904762
./raw/German/Female/810101485_female_german_voice02.mp3,german,female,810101485_female_german_voice02.mp3,810101485,True,58.367354166666665
./raw/German/Female/810101485_female_german_voice03.mp3,german,female,810101485_female_german_voice03.mp3,810101485,True,58.899541666666664
./raw/German/Female/810101485_female_german_voice04.mp3,german,female,810101485_female_german_voice04.mp3,810101485,True,62.475291666666664
./raw/German/Female/810101485_female_german_voice06.mp3,german,female,810101485_female_german_voice06.mp3,810101485,True,60.83360416666667
./raw/German/Female/810101485_female_german_voice08.mp3,german,female,810101485_female_german_voice08.mp3,810101485,True,59.82452083333333
./raw/German/Female/810101485_female_german_voice10.mp3,german,female,810101485_female_german_voice10.mp3,810101485,True,60.84320833333334
./raw/German/Female/810101485_female_german_voice11.mp3,german,female,810101485_female_german_voice11.mp3,810101485,True,59.8006875
./raw/German/Female/810101485_female_german_voice17.mp3,german,female,810101485_female_german_voice17.mp3,810101485,True,64.49833333333333
./raw/German/Female/810101512_female_German_voice07.mp3,german,female,810101512_female_German_voice07.mp3,810101512,True,54.8
./raw/German/Female/810101512_female_German_voice08.mp3,german,female,810101512_female_German_voice08.mp3,810101512,True,70.9
./raw/German/Female/810101512_female_German_voice12.mp3,german,female,810101512_female_German_voice12.mp3,810101512,True,69.2
./raw/German/Female/810101512_female_German_voice14.mp3,german,female,810101512_female_German_voice14.mp3,810101512,True,64.3
./raw/German/Female/810101512_female_German_voice20.mp3,german,female,810101512_female_German_voice20.mp3,810101512,True,58.6
./raw/German/Female/810101380_female_german_voice7.mp3,german,female,810101380_female_german_voice7.mp3,810101380,True,57.86077097505669
./raw/German/Female/810102483_female_german_voice01.mp3,german,female,810102483_female_german_voice01.mp3,810102483,True,58.0
./raw/German/Female/810103160_female_german_voice20.mp3,german,female,810103160_female_german_voice20.mp3,810103160,True,67.06897916666667
./raw/German/Male/810100147_male_german_voice02.mp3,german,male,810100147_male_german_voice02.mp3,810100147,True,55.15
./raw/German/Male/810100147_male_german_voice07.mp3,german,male,810100147_male_german_voice07.mp3,810100147,True,59.8
./raw/German/Male/810100147_male_german_voice08.mp3,german,male,810100147_male_german_voice08.mp3,810100147,True,70.0
./raw/German/Male/810100147_male_german_voice09.mp3,german,male,810100147_male_german_voice09.mp3,810100147,True,63.5
./raw/German/Male/810100147_male_german_voice12.mp3,german,male,810100147_male_german_voice12.mp3,810100147,True,62.54
./raw/German/Male/810100147_male_german_voice18.mp3,german,male,810100147_male_german_voice18.mp3,810100147,True,59.85
./raw/German/Male/810100147_male_german_voice19.mp3,german,male,810100147_male_german_voice19.mp3,810100147,True,62.85
./raw/German/Male/810100162_male_german_voice01.mp3,german,male,810100162_male_german_voice01.mp3,810100162,True,62.0
./raw/German/Male/810100162_male_german_voice03.mp3,german,male,810100162_male_german_voice03.mp3,810100162,True,58.0
./raw/German/Male/810100162_male_german_voice04.mp3,german,male,810100162_male_german_voice04.mp3,810100162,True,49.0
./raw/German/Male/810100162_male_german_voice05.mp3,german,male,810100162_male_german_voice05.mp3,810100162,True,66.0
./raw/German/Male/810100162_male_german_voice06.mp3,german,male,810100162_male_german_voice06.mp3,810100162,True,81.0
./raw/German/Male/810100162_male_german_voice07.mp3,german,male,810100162_male_german_voice07.mp3,810100162,True,73.0
./raw/German/Male/810100162_male_german_voice09.mp3,german,male,810100162_male_german_voice09.mp3,810100162,True,66.0
./raw/German/Male/810100162_male_german_voice12.mp3,german,male,810100162_male_german_voice12.mp3,810100162,True,82.0
./raw/German/Male/810100162_male_german_voice16.mp3,german,male,810100162_male_german_voice16.mp3,810100162,True,60.0
./raw/German/Male/810100162_male_german_voice20.mp3,german,male,810100162_male_german_voice20.mp3,810100162,True,66.0
./raw/German/Male/810101399_male_german_voice01.mp3,german,male,810101399_male_german_voice01.mp3,810101399,True,97.78544217687075
./raw/German/Male/810103040_male_german_voice4.mp3,german,male,810103040_male_german_voice4.mp3,810103040,True,55.39997732426304
./raw/German/Male/810103040_male_german_voice5.mp3,german,male,810103040_male_german_voice5.mp3,810103040,True,63.39997732426304
./raw/German/Male/810103040_male_german_voice7.mp3,german,male,810103040_male_german_voice7.mp3,810103040,True,63.4
./raw/German/Male/810103040_male_german_voice9.mp3,german,male,810103040_male_german_voice9.mp3,810103040,True,58.19997732426304
./raw/German/Male/810104070_male_german_voice02.mp3,german,male,810104070_male_german_voice02.mp3,810104070,True,64.2659410430839
./raw/German/Male/810104070_male_german_voice06.mp3,german,male,810104070_male_german_voice06.mp3,810104070,True,67.03730158730158
./raw/German/Male/810104070_male_german_voice09.mp3,german,male,810104070_male_german_voice09.mp3,810104070,True,61.729886621315195
./raw/German/Male/810104070_male_german_voice10.mp3,german,male,810104070_male_german_voice10.mp3,810104070,True,67.03730158730158
./raw/German/Male/810104070_male_german_voice13.mp3,german,male,810104070_male_german_voice13.mp3,810104070,True,55.95183673469388
./raw/German/Male/810104070_male_german_voice17.mp3,german,male,810104070_male_german_voice17.mp3,810104070,True,59.66444444444444
./raw/German/Male/810104119_male_german_voice01.mp3,german,male,810104119_male_german_voice01.mp3,810104119,True,68.50718820861678
./raw/German/Male/810104119_male_german_voice04.mp3,german,male,810104119_male_german_voice04.mp3,810104119,True,62.9953514739229
./raw/German/Male/810104119_male_german_voice05.mp3,german,male,810104119_male_german_voice05.mp3,810104119,True,69.99616780045352
./raw/German/Male/810104119_male_german_voice07.mp3,german,male,810104119_male_german_voice07.mp3,810104119,True,70.98882086167801
./raw/German/Male/810104119_male_german_voice10.mp3,german,male,810104119_male_german_voice10.mp3,810104119,True,66.99208616780045
./raw/German/Male/810104119_male_german_voice14.mp3,german,male,810104119_male_german_voice14.mp3,810104119,True,80.00106575963719
./raw/German/Male/810104119_male_german_voice18.mp3,german,male,810104119_male_german_voice18.mp3,810104119,True,84.99045351473923
./raw/German/Male/810104119_male_german_voice19.mp3,german,male,810104119_male_german_voice19.mp3,810104119,True,80.99371882086167
./raw/German/Male/810101399_male_german_voice04.mp3,german,male,810101399_male_german_voice04.mp3,810101399,True,60.22244897959184
./raw/German/Male/810101399_male_german_voice10.mp3,german,male,810101399_male_german_voice10.mp3,810101399,True,65.54512471655329
./raw/German/Male/810101399_male_german_voice11.mp3,german,male,810101399_male_german_voice11.mp3,810101399,True,72.69274376417233
./raw/German/Male/810101399_male_german_voice14.mp3,german,male,810101399_male_german_voice14.mp3,810101399,True,77.40714285714286
./raw/German/Male/810101453_male_german_voice01.mp3,german,male,810101453_male_german_voice01.mp3,810101453,True,64.0
./raw/German/Male/810101453_male_german_voice02.mp3,german,male,810101453_male_german_voice02.mp3,810101453,True,59.0
./raw/German/Male/810101453_male_german_voice03.mp3,german,male,810101453_male_german_voice03.mp3,810101453,True,63.0
./raw/German/Male/810101453_male_german_voice04.mp3,german,male,810101453_male_german_voice04.mp3,810101453,True,57.000249433106575
./raw/German/Male/810101453_male_german_voice05.mp3,german,male,810101453_male_german_voice05.mp3,810101453,True,54.0
./raw/German/Male/810101453_male_german_voice08.mp3,german,male,810101453_male_german_voice08.mp3,810101453,True,65.0
./raw/German/Male/810101453_male_german_voice13.mp3,german,male,810101453_male_german_voice13.mp3,810101453,True,58.0
./raw/German/Male/810101453_male_german_voice14.mp3,german,male,810101453_male_german_voice14.mp3,810101453,True,67.0
./raw/German/Male/810101453_male_german_voice16.mp3,german,male,810101453_male_german_voice16.mp3,810101453,True,58.0
./raw/German/Male/810101453_male_german_voice17.mp3,german,male,810101453_male_german_voice17.mp3,810101453,True,64.0
./raw/German/Male/810101453_male_german_voice20.mp3,german,male,810101453_male_german_voice20.mp3,810101453,True,68.0
./raw/German/Male/810101477_male_german_voice01.mp3,german,male,810101477_male_german_voice01.mp3,810101477,True,59.599433106575965
./raw/German/Male/810104151_male_german_voice01.mp3,german,male,810104151_male_german_voice01.mp3,810104151,True,60.173809523809524
./raw/German/Male/810104151_male_german_voice04.mp3,german,male,810104151_male_german_voice04.mp3,810104151,True,60.304580498866216
./raw/German/Male/810104151_male_german_voice06.mp3,german,male,810104151_male_german_voice06.mp3,810104151,True,62.319047619047616
./raw/German/Male/810104151_male_german_voice09.mp3,german,male,810104151_male_german_voice09.mp3,810104151,True,61.14174603174603
./raw/German/Male/810104151_male_german_voice10.mp3,german,male,810104151_male_german_voice10.mp3,810104151,True,59.07498866213152
./raw/German/Male/810104151_male_german_voice12.mp3,german,male,810104151_male_german_voice12.mp3,810104151,True,58.49945578231293
./raw/German/Male/810104151_male_german_voice15.mp3,german,male,810104151_male_german_voice15.mp3,810104151,True,63.156235827664396
./raw/German/Male/810104151_male_german_voice18.mp3,german,male,810104151_male_german_voice18.mp3,810104151,True,59.127324263038545
./raw/German/Male/810104200_male_german_voice05.mp3,german,male,810104200_male_german_voice05.mp3,810104200,True,56.88743764172336
./raw/German/Male/810104200_male_german_voice17.mp3,german,male,810104200_male_german_voice17.mp3,810104200,True,62.111927437641725
./raw/German/Male/810104200_male_german_voice19.mp3,german,male,810104200_male_german_voice19.mp3,810104200,True,63.71410430839002
./raw/German/Male/810104200_male_german_voice20.mp3,german,male,810104200_male_german_voice20.mp3,810104200,True,62.042267573696144
./raw/German/Male/810104298_male_german_voice01.mp3,german,male,810104298_male_german_voice01.mp3,810104298,True,58.90897916666667
./raw/German/Male/810104298_male_german_voice04.mp3,german,male,810104298_male_german_voice04.mp3,810104298,True,59.14897916666666
./raw/German/Male/810104298_male_german_voice07.mp3,german,male,810104298_male_german_voice07.mp3,810104298,True,66.34897916666667
./raw/German/Male/810104298_male_german_voice10.mp3,german,male,810104298_male_german_voice10.mp3,810104298,True,60.852979166666664
./raw/German/Male/810104298_male_german_voice14.mp3,german,male,810104298_male_german_voice14.mp3,810104298,True,72.10897916666667
./raw/German/Male/810104298_male_german_voice16.mp3,german,male,810104298_male_german_voice16.mp3,810104298,True,66.27697916666666
./raw/German/Male/810104298_male_german_voice17.mp3,german,male,810104298_male_german_voice17.mp3,810104298,True,67.50097916666667
./raw/German/Male/810101399_male_german_voice02.mp3,german,male,810101399_male_german_voice02.mp3,810101399,True,71.01990929705215
./raw/German/Male/810101477_male_german_voice12.mp3,german,male,810101477_male_german_voice12.mp3,810101477,True,50.35208616780045
./raw/German/Male/810103040_male_german_voice16.mp3,german,male,810103040_male_german_voice16.mp3,810103040,True,62.4
./raw/German/Male/810104119_male_german_voice20.mp3,german,male,810104119_male_german_voice20.mp3,810104119,True,89.97984126984127
./raw/German/Male/810101477_male_german_voice13.mp3,german,male,810101477_male_german_voice13.mp3,810101477,True,46.068004535147395
./raw/German/Male/810101477_male_german_voice14.mp3,german,male,810101477_male_german_voice14.mp3,810101477,True,60.487596371882084
./raw/German/Male/810101477_male_german_voice16.mp3,german,male,810101477_male_german_voice16.mp3,810101477,True,64.43208616780045
./raw/German/Male/810101477_male_german_voice17.mp3,german,male,810101477_male_german_voice17.mp3,810101477,True,68.08922902494331
./raw/German/Male/810101477_male_german_voice18.mp3,german,male,810101477_male_german_voice18.mp3,810101477,True,65.84269841269841
./raw/German/Male/810101607_male_german_voice1.mp3,german,male,810101607_male_german_voice1.mp3,810101607,True,67.14891156462585
./raw/German/Male/810101607_male_german_voice10.mp3,german,male,810101607_male_german_voice10.mp3,810101607,True,64.54863945578231
./raw/German/Male/810101607_male_german_voice12.mp3,german,male,810101607_male_german_voice12.mp3,810101607,True,64.73081632653061
./raw/German/Male/810101607_male_german_voice13.mp3,german,male,810101607_male_german_voice13.mp3,810101607,True,80.82820861678005
./raw/German/Male/810101607_male_german_voice22.mp3,german,male,810101607_male_german_voice22.mp3,810101607,True,59.176145124716555
./raw/German/Male/810101607_male_german_voice23.mp3,german,male,810101607_male_german_voice23.mp3,810101607,True,58.194263038548755
./raw/German/Male/810101607_male_german_voice29.mp3,german,male,810101607_male_german_voice29.mp3,810101607,True,57.58548752834467
./raw/German/Male/810101607_male_german_voice4.mp3,german,male,810101607_male_german_voice4.mp3,810101607,True,60.175442176870746
./raw/German/Male/810101607_male_german_voice5.mp3,german,male,810101607_male_german_voice5.mp3,810101607,True,60.21716553287982
./raw/German/Male/810101607_male_german_voice6.mp3,german,male,810101607_male_german_voice6.mp3,810101607,True,61.244784580498866
./raw/Italian/Female/810101567_female_Italian_voice02.mp3,italian,female,810101567_female_Italian_voice02.mp3,810101567,True,58.00036281179138
./raw/Italian/Female/810102480_female_italian_voice19.mp3,italian,female,810102480_female_italian_voice19.mp3,810102480,True,56.96106575963719
./raw/Italian/Female/810103147_female_italian_voice18.mp3,italian,female,810103147_female_italian_voice18.mp3,810103147,True,58.338684807256236
./raw/Italian/Female/810104250_female_italian_voice6.mp3,italian,female,810104250_female_italian_voice6.mp3,810104250,True,71.0
./raw/Italian/Female/810101369_female_italian_voice10.mp3,italian,female,810101369_female_italian_voice10.mp3,810101369,True,49.45
./raw/Italian/Female/810101369_female_italian_voice13.mp3,italian,female,810101369_female_italian_voice13.mp3,810101369,True,58.3
./raw/Italian/Female/810101369_female_italian_voice16.mp3,italian,female,810101369_female_italian_voice16.mp3,810101369,True,61.2
./raw/Italian/Female/810101369_female_italian_voice3.mp3,italian,female,810101369_female_italian_voice3.mp3,810101369,True,56.5
./raw/Italian/Female/810101369_female_italian_voice5.mp3,italian,female,810101369_female_italian_voice5.mp3,810101369,True,44.0
./raw/Italian/Female/810101369_female_italian_voice7.mp3,italian,female,810101369_female_italian_voice7.mp3,810101369,True,69.0
./raw/Italian/Female/810101409_female_italian_voice02.mp3,italian,female,810101409_female_italian_voice02.mp3,810101409,True,61.328321995464854
./raw/Italian/Female/810101409_female_italian_voice04.mp3,italian,female,810101409_female_italian_voice04.mp3,810101409,True,58.82598639455782
./raw/Italian/Female/810101409_female_italian_voice07.mp3,italian,female,810101409_female_italian_voice07.mp3,810101409,True,59.37734693877551
./raw/Italian/Female/810101409_female_italian_voice10.mp3,italian,female,810101409_female_italian_voice10.mp3,810101409,True,56.832630385487526
./raw/Italian/Female/810101409_female_italian_voice13.mp3,italian,female,810101409_female_italian_voice13.mp3,810101409,True,58.86839002267574
./raw/Italian/Female/810101409_female_italian_voice15.mp3,italian,female,810101409_female_italian_voice15.mp3,810101409,True,58.4018820861678
./raw/Italian/Female/810101409_female_italian_voice17.mp3,italian,female,810101409_female_italian_voice17.mp3,810101409,True,60.90419501133787
./raw/Italian/Female/810101409_female_italian_voice19.mp3,italian,female,810101409_female_italian_voice19.mp3,810101409,True,63.70342403628118
./raw/Italian/Female/810101502_female_italian_voice01.mp3,italian,female,810101502_female_italian_voice01.mp3,810101502,True,55.297392290249434
./raw/Italian/Female/810101502_female_italian_voice03.mp3,italian,female,810101502_female_italian_voice03.mp3,810101502,True,63.83292517006803
./raw/Italian/Female/810101502_female_italian_voice05.mp3,italian,female,810101502_female_italian_voice05.mp3,810101502,True,59.277142857142856
./raw/Italian/Female/810101502_female_italian_voice07.mp3,italian,female,810101502_female_italian_voice07.mp3,810101502,True,64.25181405895691
./raw/Italian/Female/810101502_female_italian_voice09.mp3,italian,female,810101502_female_italian_voice09.mp3,810101502,True,50.89873015873016
./raw/Italian/Female/810101502_female_italian_voice11.mp3,italian,female,810101502_female_italian_voice11.mp3,810101502,True,39.09045351473923
./raw/Italian/Female/810101502_female_italian_voice13.mp3,italian,female,810101502_female_italian_voice13.mp3,810101502,True,43.80326530612245
./raw/Italian/Female/810101502_female_italian_voice15.mp3,italian,female,810101502_female_italian_voice15.mp3,810101502,True,60.586281179138325
./raw/Italian/Female/810101502_female_italian_voice17.mp3,italian,female,810101502_female_italian_voice17.mp3,810101502,True,49.74671201814059
./raw/Italian/Female/810101502_female_italian_voice19.mp3,italian,female,810101502_female_italian_voice19.mp3,810101502,True,62.13106575963719
./raw/Italian/Female/810103058_female_italian_voice1.mp3,italian,female,810103058_female_italian_voice1.mp3,810103058,True,67.0
./raw/Italian/Female/810103058_female_italian_voice10.mp3,italian,female,810103058_female_italian_voice10.mp3,810103058,True,67.0
./raw/Italian/Female/810103058_female_italian_voice12.mp3,italian,female,810103058_female_italian_voice12.mp3,810103058,True,43.0
./raw/Italian/Female/810103058_female_italian_voice14.mp3,italian,female,810103058_female_italian_voice14.mp3,810103058,True,53.0
./raw/Italian/Female/810103058_female_italian_voice16.mp3,italian,female,810103058_female_italian_voice16.mp3,810103058,True,65.0
./raw/Italian/Female/810103058_female_italian_voice3.mp3,italian,female,810103058_female_italian_voice3.mp3,810103058,True,56.0
./raw/Italian/Female/810103058_female_italian_voice5.mp3,italian,female,810103058_female_italian_voice5.mp3,810103058,True,72.0
./raw/Italian/Female/810103058_female_italian_voice7.mp3,italian,female,810103058_female_italian_voice7.mp3,810103058,True,77.0
./raw/Italian/Female/810103058_female_italian_voice9.mp3,italian,female,810103058_female_italian_voice9.mp3,810103058,True,50.0
./raw/Italian/Female/810103147_female_italian_voice11.mp3,italian,female,810103147_female_italian_voice11.mp3,810103147,True,72.6421768707483
./raw/Italian/Female/810103147_female_italian_voice13.mp3,italian,female,810103147_female_italian_voice13.mp3,810103147,True,57.0615873015873
./raw/Italian/Female/810103147_female_italian_voice15.mp3,italian,female,810103147_female_italian_voice15.mp3,810103147,True,79.00444444444445
./raw/Italian/Female/810103147_female_italian_voice17.mp3,italian,female,810103147_female_italian_voice17.mp3,810103147,True,64.93315192743763
./raw/Italian/Female/810104250_female_italian_voice8.mp3,italian,female,810104250_female_italian_voice8.mp3,810104250,True,66.0
./raw/Italian/Female/810104256_female_italian_voice10.mp3,italian,female,810104256_female_italian_voice10.mp3,810104256,True,59.302729166666666
./raw/Italian/Female/810104256_female_italian_voice12.mp3,italian,female,810104256_female_italian_voice12.mp3,810104256,True,55.16733333333333
./raw/Italian/Female/810104256_female_italian_voice14.mp3,italian,female,810104256_female_italian_voice14.mp3,810104256,True,63.86122916666667
./raw/Italian/Female/810104256_female_italian_voice16.mp3,italian,female,810104256_female_italian_voice16.mp3,810104256,True,58.841875
./raw/Italian/Female/810104256_female_italian_voice17.mp3,italian,female,810104256_female_italian_voice17.mp3,810104256,True,59.760979166666665
./raw/Italian/Female/810104256_female_italian_voice18.mp3,italian,female,810104256_female_italian_voice18.mp3,810104256,True,55.87297916666667
./raw/Italian/Female/810104256_female_italian_voice2.mp3,italian,female,810104256_female_italian_voice2.mp3,810104256,True,51.8559375
./raw/Italian/Female/810104256_female_italian_voice4.mp3,italian,female,810104256_female_italian_voice4.mp3,810104256,True,60.98497916666667
./raw/Italian/Female/810104256_female_italian_voice6.mp3,italian,female,810104256_female_italian_voice6.mp3,810104256,True,57.256729166666666
./raw/Italian/Female/810104256_female_italian_voice8.mp3,italian,female,810104256_female_italian_voice8.mp3,810104256,True,68.02470833333334
./raw/Italian/Female/810104324_female_italian_voice01.mp3,italian,female,810104324_female_italian_voice01.mp3,810104324,True,56.0
./raw/Italian/Female/810104324_female_italian_voice07.mp3,italian,female,810104324_female_italian_voice07.mp3,810104324,True,60.0
./raw/Italian/Female/810104324_female_italian_voice09.mp3,italian,female,810104324_female_italian_voice09.mp3,810104324,True,61.98
./raw/Italian/Female/810104324_female_italian_voice14.mp3,italian,female,810104324_female_italian_voice14.mp3,810104324,True,62.4
./raw/Italian/Female/810104324_female_italian_voice16.mp3,italian,female,810104324_female_italian_voice16.mp3,810104324,True,57.000249433106575
./raw/Italian/Female/810104324_female_italian_voice18.mp3,italian,female,810104324_female_italian_voice18.mp3,810104324,True,65.3
./raw/Italian/Female/810104324_female_italian_voice20.mp3,italian,female,810104324_female_italian_voice20.mp3,810104324,True,61.3
./raw/Italian/Female/810101567_female_Italian_voice04.mp3,italian,female,810101567_female_Italian_voice04.mp3,810101567,True,53.93857142857143
./raw/Italian/Female/810101567_female_Italian_voice06.mp3,italian,female,810101567_female_Italian_voice06.mp3,810101567,True,59.41780045351474
./raw/Italian/Female/810101567_female_Italian_voice08.mp3,italian,female,810101567_female_Italian_voice08.mp3,810101567,True,57.785714285714285
./raw/Italian/Female/810101567_female_Italian_voice10.mp3,italian,female,810101567_female_Italian_voice10.mp3,810101567,True,58.3990022675737
./raw/Italian/Female/810101567_female_Italian_voice12.mp3,italian,female,810101567_female_Italian_voice12.mp3,810101567,True,58.2
./raw/Italian/Female/810101567_female_Italian_voice14.mp3,italian,female,810101567_female_Italian_voice14.mp3,810101567,True,58.193990929705215
./raw/Italian/Female/810101567_female_Italian_voice16.mp3,italian,female,810101567_female_Italian_voice16.mp3,810101567,True,58.9
./raw/Italian/Female/810101567_female_Italian_voice18.mp3,italian,female,810101567_female_Italian_voice18.mp3,810101567,True,57.05195011337869
./raw/Italian/Female/810102480_female_italian_voice01.mp3,italian,female,810102480_female_italian_voice01.mp3,810102480,True,55.9684126984127
./raw/Italian/Female/810102480_female_italian_voice03.mp3,italian,female,810102480_female_italian_voice03.mp3,810102480,True,57.32678004535148
./raw/Italian/Female/810102480_female_italian_voice05.mp3,italian,female,810102480_female_italian_voice05.mp3,810102480,True,57.97984126984127
./raw/Italian/Female/810102480_female_italian_voice07.mp3,italian,female,810102480_female_italian_voice07.mp3,810102480,True,61.16678004535147
./raw/Italian/Female/810102480_female_italian_voice09.mp3,italian,female,810102480_female_italian_voice09.mp3,810102480,True,63.935759637188205
./raw/Italian/Female/810102480_female_italian_voice11.mp3,italian,female,810102480_female_italian_voice11.mp3,810102480,True,53.56514739229025
./raw/Italian/Female/810102480_female_italian_voice13.mp3,italian,female,810102480_female_italian_voice13.mp3,810102480,True,66.78310657596371
./raw/Italian/Female/810102480_female_italian_voice15.mp3,italian,female,810102480_female_italian_voice15.mp3,810102480,True,58.94637188208617
./raw/Italian/Female/810102480_female_italian_voice17.mp3,italian,female,810102480_female_italian_voice17.mp3,810102480,True,60.98392290249433
./raw/Italian/Female/810103147_female_italian_voice19.mp3,italian,female,810103147_female_italian_voice19.mp3,810103147,True,65.79229024943311
./raw/Italian/Female/810103147_female_italian_voice2.mp3,italian,female,810103147_female_italian_voice2.mp3,810103147,True,55.34331065759637
./raw/Italian/Female/810103147_female_italian_voice4.mp3,italian,female,810103147_female_italian_voice4.mp3,810103147,True,62.425396825396824
./raw/Italian/Female/810103147_female_italian_voice6.mp3,italian,female,810103147_female_italian_voice6.mp3,810103147,True,64.32943310657596
./raw/Italian/Female/810103147_female_italian_voice7.mp3,italian,female,810103147_female_italian_voice7.mp3,810103147,True,61.728798185941045
./raw/Italian/Female/810103147_female_italian_voice9.mp3,italian,female,810103147_female_italian_voice9.mp3,810103147,True,54.04299319727891
./raw/Italian/Female/810104250_female_italian_voice10.mp3,italian,female,810104250_female_italian_voice10.mp3,810104250,True,74.0
./raw/Italian/Female/810104250_female_italian_voice12.mp3,italian,female,810104250_female_italian_voice12.mp3,810104250,True,61.0
./raw/Italian/Female/810104250_female_italian_voice14.mp3,italian,female,810104250_female_italian_voice14.mp3,810104250,True,66.0
./raw/Italian/Female/810104250_female_italian_voice16.mp3,italian,female,810104250_female_italian_voice16.mp3,810104250,True,57.000249433106575
./raw/Italian/Female/810104250_female_italian_voice18.mp3,italian,female,810104250_female_italian_voice18.mp3,810104250,True,56.0
./raw/Italian/Female/810104250_female_italian_voice2.mp3,italian,female,810104250_female_italian_voice2.mp3,810104250,True,54.0
./raw/Italian/Female/810104250_female_italian_voice20.mp3,italian,female,810104250_female_italian_voice20.mp3,810104250,True,75.0
./raw/Italian/Female/810104250_female_italian_voice4.mp3,italian,female,810104250_female_italian_voice4.mp3,810104250,True,73.0
./raw/Italian/Male/810101434_male_italian_voice10.mp3,italian,male,810101434_male_italian_voice10.mp3,810101434,True,62.256
./raw/Italian/Male/810101434_male_italian_voice12.mp3,italian,male,810101434_male_italian_voice12.mp3,810101434,True,63.84
./raw/Italian/Male/810101434_male_italian_voice14.mp3,italian,male,810101434_male_italian_voice14.mp3,810101434,True,62.856
./raw/Italian/Male/810101434_male_italian_voice16.mp3,italian,male,810101434_male_italian_voice16.mp3,810101434,True,66.048
./raw/Italian/Male/810101434_male_italian_voice18.mp3,italian,male,810101434_male_italian_voice18.mp3,810101434,True,60.648
./raw/Italian/Male/810101434_male_italian_voice8.mp3,italian,male,810101434_male_italian_voice8.mp3,810101434,True,57.12
./raw/Italian/Male/810101434_male_italian_voice9.mp3,italian,male,810101434_male_italian_voice9.mp3,810101434,True,56.688
./raw/Italian/Male/810101441_male_italian_voice01.mp3,italian,male,810101441_male_italian_voice01.mp3,810101441,True,55.78666666666667
./raw/Italian/Male/810101441_male_italian_voice02.mp3,italian,male,810101441_male_italian_voice02.mp3,810101441,True,68.43733333333333
./raw/Italian/Male/810101441_male_italian_voice05.mp3,italian,male,810101441_male_italian_voice05.mp3,810101441,True,57.32266666666667
./raw/Italian/Male/810101441_male_italian_voice06.mp3,italian,male,810101441_male_italian_voice06.mp3,810101441,True,70.25066666666666
./raw/Italian/Male/810101441_male_italian_voice07.mp3,italian,male,810101441_male_italian_voice07.mp3,810101441,True,60.373333333333335
./raw/Italian/Male/810101441_male_italian_voice10.mp3,italian,male,810101441_male_italian_voice10.mp3,810101441,True,58.83733333333333
./raw/Italian/Male/810101441_male_italian_voice12.mp3,italian,male,810101441_male_italian_voice12.mp3,810101441,True,63.46666666666667
./raw/Italian/Male/810101441_male_italian_voice13.mp3,italian,male,810101441_male_italian_voice13.mp3,810101441,True,59.285333333333334
./raw/Italian/Male/810101441_male_italian_voice16.mp3,italian,male,810101441_male_italian_voice16.mp3,810101441,True,53.376
./raw/Italian/Male/810101441_male_italian_voice17.mp3,italian,male,810101441_male_italian_voice17.mp3,810101441,True,65.152
./raw/Italian/Male/810101441_male_italian_voice19.mp3,italian,male,810101441_male_italian_voice19.mp3,810101441,True,60.885333333333335
./raw/Italian/Male/810102393_male_italian_voice13.mp3,italian,male,810102393_male_italian_voice13.mp3,810102393,True,58.55027210884354
./raw/Italian/Male/810102393_male_italian_voice14.mp3,italian,male,810102393_male_italian_voice14.mp3,810102393,True,61.172539682539686
./raw/Italian/Male/810102393_male_italian_voice16.mp3,italian,male,810102393_male_italian_voice16.mp3,810102393,True,62.11934240362812
./raw/Italian/Male/810102393_male_italian_voice17.mp3,italian,male,810102393_male_italian_voice17.mp3,810102393,True,60.90473922902494
./raw/Italian/Male/810102393_male_italian_voice19.mp3,italian,male,810102393_male_italian_voice19.mp3,810102393,True,59.228639455782314
./raw/Italian/Male/810102393_male_italian_voice20.mp3,italian,male,810102393_male_italian_voice20.mp3,810102393,True,60.575056689342404
./raw/Italian/Male/810102443_male_italian_voice1.mp3,italian,male,810102443_male_italian_voice1.mp3,810102443,True,60.0
./raw/Italian/Male/810102443_male_italian_voice10.mp3,italian,male,810102443_male_italian_voice10.mp3,810102443,True,51.0
./raw/Italian/Male/810102443_male_italian_voice12.mp3,italian,male,810102443_male_italian_voice12.mp3,810102443,True,72.0
./raw/Italian/Male/810102443_male_italian_voice13.mp3,italian,male,810102443_male_italian_voice13.mp3,810102443,True,64.0
./raw/Italian/Male/810102443_male_italian_voice14.mp3,italian,male,810102443_male_italian_voice14.mp3,810102443,True,64.0
./raw/Italian/Male/810102443_male_italian_voice16.mp3,italian,male,810102443_male_italian_voice16.mp3,810102443,True,63.0
./raw/Italian/Male/810102443_male_italian_voice17.mp3,italian,male,810102443_male_italian_voice17.mp3,810102443,True,48.0
./raw/Italian/Male/810102443_male_italian_voice3.mp3,italian,male,810102443_male_italian_voice3.mp3,810102443,True,55.0
./raw/Italian/Male/810102443_male_italian_voice4.mp3,italian,male,810102443_male_italian_voice4.mp3,810102443,True,63.0
./raw/Italian/Male/810102474_male_italian_voice17.mp3,italian,male,810102474_male_italian_voice17.mp3,810102474,True,60.23
./raw/Italian/Male/810102474_male_italian_voice18.mp3,italian,male,810102474_male_italian_voice18.mp3,810102474,True,63.04
./raw/Italian/Male/810103252_male_italian_voice.mp3,italian,male,810103252_male_italian_voice.mp3,810103252,True,1537.7690476190476
./raw/Italian/Male/810103252_male_italian_voice1.mp3,italian,male,810103252_male_italian_voice1.mp3,810103252,True,61.4
./raw/Italian/Male/810103252_male_italian_voice11.mp3,italian,male,810103252_male_italian_voice11.mp3,810103252,True,59.69997732426304
./raw/Italian/Male/810103252_male_italian_voice12.mp3,italian,male,810103252_male_italian_voice12.mp3,810103252,True,53.9
./raw/Italian/Male/810103252_male_italian_voice13.mp3,italian,male,810103252_male_italian_voice13.mp3,810103252,True,61.1
./raw/Italian/Male/810103252_male_italian_voice14.mp3,italian,male,810103252_male_italian_voice14.mp3,810103252,True,56.8
./raw/Italian/Male/810103252_male_italian_voice16.mp3,italian,male,810103252_male_italian_voice16.mp3,810103252,True,58.6
./raw/Italian/Male/810103252_male_italian_voice17.mp3,italian,male,810103252_male_italian_voice17.mp3,810103252,True,65.6
./raw/Italian/Male/810103252_male_italian_voice18.mp3,italian,male,810103252_male_italian_voice18.mp3,810103252,True,53.3
./raw/Italian/Male/810103252_male_italian_voice3.mp3,italian,male,810103252_male_italian_voice3.mp3,810103252,True,60.8
./raw/Italian/Male/810103252_male_italian_voice4.mp3,italian,male,810103252_male_italian_voice4.mp3,810103252,True,60.9
./raw/Italian/Male/810103252_male_italian_voice5.mp3,italian,male,810103252_male_italian_voice5.mp3,810103252,True,61.5
./raw/Italian/Male/810103252_male_italian_voice7.mp3,italian,male,810103252_male_italian_voice7.mp3,810103252,True,62.9
./raw/Italian/Male/810103252_male_italian_voice8.mp3,italian,male,810103252_male_italian_voice8.mp3,810103252,True,61.8
./raw/Italian/Male/810103252_male_italian_voice9.mp3,italian,male,810103252_male_italian_voice9.mp3,810103252,True,60.2
./raw/Italian/Male/810104006_male_italian_voice10.mp3,italian,male,810104006_male_italian_voice10.mp3,810104006,True,55.90501133786848
./raw/Italian/Male/810104006_male_italian_voice13.mp3,italian,male,810104006_male_italian_voice13.mp3,810104006,True,54.157006802721085
./raw/Italian/Male/810104006_male_italian_voice2.mp3,italian,male,810104006_male_italian_voice2.mp3,810104006,True,78.98501133786849
./raw/Italian/Male/810104006_male_italian_voice4.mp3,italian,male,810104006_male_italian_voice4.mp3,810104006,True,74.52
./raw/Italian/Male/810104006_male_italian_voice5.mp3,italian,male,810104006_male_italian_voice5.mp3,810104006,True,65.88199546485261
./raw/Italian/Male/810104006_male_italian_voice6.mp3,italian,male,810104006_male_italian_voice6.mp3,810104006,True,65.05199546485261
./raw/Italian/Male/810104006_male_italian_voice8.mp3,italian,male,810104006_male_italian_voice8.mp3,810104006,True,58.90299319727891
./raw/Italian/Male/810104006_male_italian_voice9.mp3,italian,male,810104006_male_italian_voice9.mp3,810104006,True,53.6490022675737
./raw/Italian/Male/810101493_male_italian_voice02.mp3,italian,male,810101493_male_italian_voice02.mp3,810101493,True,62.30497916666667
./raw/Italian/Male/810101493_male_italian_voice04.mp3,italian,male,810101493_male_italian_voice04.mp3,810101493,True,57.864979166666664
./raw/Italian/Male/810101493_male_italian_voice06.mp3,italian,male,810101493_male_italian_voice06.mp3,810101493,True,58.17697916666667
./raw/Italian/Male/810101493_male_italian_voice08.mp3,italian,male,810101493_male_italian_voice08.mp3,810101493,True,62.32897916666667
./raw/Italian/Male/810101493_male_italian_voice11.mp3,italian,male,810101493_male_italian_voice11.mp3,810101493,True,57.76897916666667
./raw/Italian/Male/810101493_male_italian_voice14.mp3,italian,male,810101493_male_italian_voice14.mp3,810101493,True,58.34497916666667
./raw/Italian/Male/810101493_male_italian_voice15.mp3,italian,male,810101493_male_italian_voice15.mp3,810101493,True,58.032979166666664
./raw/Italian/Male/810101493_male_italian_voice17.mp3,italian,male,810101493_male_italian_voice17.mp3,810101493,True,63.24097916666667
./raw/Italian/Male/810102393_male_italian_voice01.mp3,italian,male,810102393_male_italian_voice01.mp3,810102393,True,63.69707482993197
./raw/Italian/Male/810102393_male_italian_voice02.mp3,italian,male,810102393_male_italian_voice02.mp3,810102393,True,59.49394557823129
./raw/Italian/Male/810102393_male_italian_voice04.mp3,italian,male,810102393_male_italian_voice04.mp3,810102393,True,59.79725623582767
./raw/Italian/Male/810102393_male_italian_voice05.mp3,italian,male,810102393_male_italian_voice05.mp3,810102393,True,58.9553514739229
./raw/Italian/Male/810102393_male_italian_voice06.mp3,italian,male,810102393_male_italian_voice06.mp3,810102393,True,59.96798185941043
./raw/Italian/Male/810102393_male_italian_voice08.mp3,italian,male,810102393_male_italian_voice08.mp3,810102393,True,61.708730158730155
./raw/Italian/Male/810102393_male_italian_voice09.mp3,italian,male,810102393_male_italian_voice09.mp3,810102393,True,60.239773242630385
./raw/Italian/Male/810101441_male_italian_voice20.mp3,italian,male,810101441_male_italian_voice20.mp3,810101441,True,59.242666666666665
./raw/Italian/Male/810102393_male_italian_voice11.mp3,italian,male,810102393_male_italian_voice11.mp3,810102393,True,58.66385487528345
./raw/Italian/Male/810102443_male_italian_voice5.mp3,italian,male,810102443_male_italian_voice5.mp3,810102443,True,64.0
./raw/Italian/Male/810102474_male_italian_voice15.mp3,italian,male,810102474_male_italian_voice15.mp3,810102474,True,60.0
./raw/Italian/Male/810102443_male_italian_voice6.mp3,italian,male,810102443_male_italian_voice6.mp3,810102443,True,54.0
./raw/Italian/Male/810102443_male_italian_voice8.mp3,italian,male,810102443_male_italian_voice8.mp3,810102443,True,60.0
./raw/Italian/Male/810102443_male_italian_voice9.mp3,italian,male,810102443_male_italian_voice9.mp3,810102443,True,47.0
./raw/Italian/Male/810102474_male_italian_voice01.mp3,italian,male,810102474_male_italian_voice01.mp3,810102474,True,50.02
./raw/Italian/Male/810102474_male_italian_voice03.mp3,italian,male,810102474_male_italian_voice03.mp3,810102474,True,65.34
./raw/Italian/Male/810102474_male_italian_voice04.mp3,italian,male,810102474_male_italian_voice04.mp3,810102474,True,51.69
./raw/Italian/Male/810102474_male_italian_voice05.mp3,italian,male,810102474_male_italian_voice05.mp3,810102474,True,60.23
./raw/Italian/Male/810102474_male_italian_voice07.mp3,italian,male,810102474_male_italian_voice07.mp3,810102474,True,57.75
./raw/Italian/Male/810102474_male_italian_voice09.mp3,italian,male,810102474_male_italian_voice09.mp3,810102474,True,52.04
./raw/Italian/Male/810102474_male_italian_voice10.mp3,italian,male,810102474_male_italian_voice10.mp3,810102474,True,59.68
./raw/Italian/Male/810102474_male_italian_voice11.mp3,italian,male,810102474_male_italian_voice11.mp3,810102474,True,56.28
./raw/Italian/Male/810102474_male_italian_voice12.mp3,italian,male,810102474_male_italian_voice12.mp3,810102474,True,59.37
./raw/Italian/Male/810102474_male_italian_voice14.mp3,italian,male,810102474_male_italian_voice14.mp3,810102474,True,62.0
./raw/Korean/Female/810100094_female_korean_voice01.mp3,korean,female,810100094_female_korean_voice01.mp3,810100094,True,57.16700680272109
./raw/Korean/Female/810100094_female_korean_voice02.mp3,korean,female,810100094_female_korean_voice02.mp3,810100094,True,56.0
./raw/Korean/Female/810100094_female_korean_voice03.mp3,korean,female,810100094_female_korean_voice03.mp3,810100094,True,59.950975056689344
./raw/Korean/Female/810100094_female_korean_voice04.mp3,korean,female,810100094_female_korean_voice04.mp3,810100094,True,63.0
./raw/Korean/Female/810100094_female_korean_voice05.mp3,korean,female,810100094_female_korean_voice05.mp3,810100094,True,63.0
./raw/Korean/Female/810100094_female_korean_voice06.mp3,korean,female,810100094_female_korean_voice06.mp3,810100094,True,75.0
./raw/Korean/Female/810100094_female_korean_voice07.mp3,korean,female,810100094_female_korean_voice07.mp3,810100094,True,58.0
./raw/Korean/Female/810100094_female_korean_voice08.mp3,korean,female,810100094_female_korean_voice08.mp3,810100094,True,59.0
./raw/Korean/Female/810100094_female_korean_voice09.mp3,korean,female,810100094_female_korean_voice09.mp3,810100094,True,65.0
./raw/Korean/Female/810100094_female_korean_voice10.mp3,korean,female,810100094_female_korean_voice10.mp3,810100094,True,63.13600907029478
./raw/Korean/Female/810100094_female_korean_voice11.mp3,korean,female,810100094_female_korean_voice11.mp3,810100094,True,60.0
./raw/Korean/Female/810100094_female_korean_voice12.mp3,korean,female,810100094_female_korean_voice12.mp3,810100094,True,68.23399092970521
./raw/Korean/Female/810100094_female_korean_voice13.mp3,korean,female,810100094_female_korean_voice13.mp3,810100094,True,64.83399092970521
./raw/Korean/Female/810100094_female_korean_voice14.mp3,korean,female,810100094_female_korean_voice14.mp3,810100094,True,60.0
./raw/Korean/Female/810100094_female_korean_voice15.mp3,korean,female,810100094_female_korean_voice15.mp3,810100094,True,67.0
./raw/Korean/Female/810100094_female_korean_voice16.mp3,korean,female,810100094_female_korean_voice16.mp3,810100094,True,56.0
./raw/Korean/Female/810101394_female_korean_voice12.mp3,korean,female,810101394_female_korean_voice12.mp3,810101394,True,58.0
./raw/Korean/Female/810101394_female_korean_voice13.mp3,korean,female,810101394_female_korean_voice13.mp3,810101394,True,55.0
./raw/Korean/Female/810101394_female_korean_voice14.mp3,korean,female,810101394_female_korean_voice14.mp3,810101394,True,58.3
./raw/Korean/Female/810101394_female_korean_voice15.mp3,korean,female,810101394_female_korean_voice15.mp3,810101394,True,62.2
./raw/Korean/Female/810101394_female_korean_voice16.mp3,korean,female,810101394_female_korean_voice16.mp3,810101394,True,61.2
./raw/Korean/Female/810101394_female_korean_voice2.mp3,korean,female,810101394_female_korean_voice2.mp3,810101394,True,58.75700680272109
./raw/Korean/Female/810101394_female_korean_voice3.mp3,korean,female,810101394_female_korean_voice3.mp3,810101394,True,63.6
./raw/Korean/Female/810101394_female_korean_voice4.mp3,korean,female,810101394_female_korean_voice4.mp3,810101394,True,58.8
./raw/Korean/Female/810101394_female_korean_voice5.mp3,korean,female,810101394_female_korean_voice5.mp3,810101394,True,56.5
./raw/Korean/Female/810101394_female_korean_voice6.mp3,korean,female,810101394_female_korean_voice6.mp3,810101394,True,55.4
./raw/Korean/Female/810101394_female_korean_voice7.mp3,korean,female,810101394_female_korean_voice7.mp3,810101394,True,54.8
./raw/Korean/Female/810101394_female_korean_voice8.mp3,korean,female,810101394_female_korean_voice8.mp3,810101394,True,67.4
./raw/Korean/Female/810101394_female_korean_voice9.mp3,korean,female,810101394_female_korean_voice9.mp3,810101394,True,62.0
./raw/Korean/Female/810101404_female_korean_voice01.mp3,korean,female,810101404_female_korean_voice01.mp3,810101404,True,59.326166666666666
./raw/Korean/Female/810101404_female_korean_voice02.mp3,korean,female,810101404_female_korean_voice02.mp3,810101404,True,60.791020833333334
./raw/Korean/Female/810101404_female_korean_voice03.mp3,korean,female,810101404_female_korean_voice03.mp3,810101404,True,57.12891666666667
./raw/Korean/Female/810101404_female_korean_voice04.mp3,korean,female,810101404_female_korean_voice04.mp3,810101404,True,56.884770833333334
./raw/Korean/Female/810101404_female_korean_voice05.mp3,korean,female,810101404_female_korean_voice05.mp3,810101404,True,57.1899375
./raw/Korean/Female/810101404_female_korean_voice06.mp3,korean,female,810101404_female_korean_voice06.mp3,810101404,True,64.453125
./raw/Korean/Female/810101404_female_korean_voice07.mp3,korean,female,810101404_female_korean_voice07.mp3,810101404,True,58.10547916666667
./raw/Korean/Female/810101404_female_korean_voice08.mp3,korean,female,810101404_female_korean_voice08.mp3,810101404,True,50.9033125
./raw/Korean/Female/810101475_female_korean_voice07.mp3,korean,female,810101475_female_korean_voice07.mp3,810101475,True,55.0
./raw/Korean/Female/810104272_female_korean_voice01.mp3,korean,female,810104272_female_korean_voice01.mp3,810104272,True,63.14
./raw/Korean/Female/810104272_female_korean_voice02.mp3,korean,female,810104272_female_korean_voice02.mp3,810104272,True,63.0
./raw/Korean/Female/810104272_female_korean_voice03.mp3,korean,female,810104272_female_korean_voice03.mp3,810104272,True,60.0
./raw/Korean/Female/810104272_female_korean_voice04.mp3,korean,female,810104272_female_korean_voice04.mp3,810104272,True,63.0
./raw/Korean/Female/810104272_female_korean_voice05.mp3,korean,female,810104272_female_korean_voice05.mp3,810104272,True,60.0
./raw/Korean/Female/810104272_female_korean_voice06.mp3,korean,female,810104272_female_korean_voice06.mp3,810104272,True,65.0
./raw/Korean/Female/810104272_female_korean_voice07.mp3,korean,female,810104272_female_korean_voice07.mp3,810104272,True,64.0
./raw/Korean/Female/810104272_female_korean_voice08.mp3,korean,female,810104272_female_korean_voice08.mp3,810104272,True,58.0
./raw/Korean/Female/810104272_female_korean_voice09.mp3,korean,female,810104272_female_korean_voice09.mp3,810104272,True,63.0
./raw/Korean/Female/810104272_female_korean_voice10.mp3,korean,female,810104272_female_korean_voice10.mp3,810104272,True,64.0
./raw/Korean/Female/810104272_female_korean_voice11.mp3,korean,female,810104272_female_korean_voice11.mp3,810104272,True,63.0
./raw/Korean/Female/810104272_female_korean_voice12.mp3,korean,female,810104272_female_korean_voice12.mp3,810104272,True,73.0
./raw/Korean/Female/810104272_female_korean_voice13.mp3,korean,female,810104272_female_korean_voice13.mp3,810104272,True,63.0
./raw/Korean/Female/810104272_female_korean_voice14.mp3,korean,female,810104272_female_korean_voice14.mp3,810104272,True,65.0
./raw/Korean/Female/810104272_female_korean_voice15.mp3,korean,female,810104272_female_korean_voice15.mp3,810104272,True,72.0
./raw/Korean/Female/810104272_female_korean_voice16.mp3,korean,female,810104272_female_korean_voice16.mp3,810104272,True,71.0
./raw/Korean/Female/810104272_female_korean_voice17.mp3,korean,female,810104272_female_korean_voice17.mp3,810104272,True,66.0
./raw/Korean/Female/810104272_female_korean_voice18.mp3,korean,female,810104272_female_korean_voice18.mp3,810104272,True,75.0
./raw/Korean/Female/810100094_female_korean_voice18.mp3,korean,female,810100094_female_korean_voice18.mp3,810100094,True,62.0
./raw/Korean/Female/810100094_female_korean_voice19.mp3,korean,female,810100094_female_korean_voice19.mp3,810100094,True,54.57086167800453
./raw/Korean/Female/810100094_female_korean_voice20.mp3,korean,female,810100094_female_korean_voice20.mp3,810100094,True,68.0
./raw/Korean/Female/810101373_female_korean_voice01.mp3,korean,female,810101373_female_korean_voice01.mp3,810101373,True,62.07697916666667
./raw/Korean/Female/810101373_female_korean_voice02.mp3,korean,female,810101373_female_korean_voice02.mp3,810101373,True,64.23697916666667
./raw/Korean/Female/810101373_female_korean_voice03.mp3,korean,female,810101373_female_korean_voice03.mp3,810101373,True,58.76497916666667
./raw/Korean/Female/810101373_female_korean_voice04.mp3,korean,female,810101373_female_korean_voice04.mp3,810101373,True,63.08497916666666
./raw/Korean/Female/810101373_female_korean_voice05.mp3,korean,female,810101373_female_korean_voice05.mp3,810101373,True,55.068979166666665
./raw/Korean/Female/810101373_female_korean_voice06.mp3,korean,female,810101373_female_korean_voice06.mp3,810101373,True,50.388979166666665
./raw/Korean/Female/810101373_female_korean_voice07.mp3,korean,female,810101373_female_korean_voice07.mp3,810101373,True,58.428979166666664
./raw/Korean/Female/810101373_female_korean_voice08.mp3,korean,female,810101373_female_korean_voice08.mp3,810101373,True,56.98897916666667
./raw/Korean/Female/810101373_female_korean_voice09.mp3,korean,female,810101373_female_korean_voice09.mp3,810101373,True,58.66897916666667
./raw/Korean/Female/810101373_female_korean_voice10.mp3,korean,female,810101373_female_korean_voice10.mp3,810101373,True,59.004979166666665
./raw/Korean/Female/810101394_female_korean_voice1.mp3,korean,female,810101394_female_korean_voice1.mp3,810101394,True,60.1
./raw/Korean/Female/810100094_female_korean_voice17.mp3,korean,female,810100094_female_korean_voice17.mp3,810100094,True,52.766009070294785
./raw/Korean/Female/810101394_female_korean_voice10.mp3,korean,female,810101394_female_korean_voice10.mp3,810101394,True,53.65
./raw/Korean/Female/810101404_female_korean_voice09.mp3,korean,female,810101404_female_korean_voice09.mp3,810101404,True,60.791020833333334
./raw/Korean/Female/810101475_female_korean_voice06.mp3,korean,female,810101475_female_korean_voice06.mp3,810101475,True,63.0
./raw/Korean/Female/810101404_female_korean_voice10.mp3,korean,female,810101404_female_korean_voice10.mp3,810101404,True,63.598625
./raw/Korean/Female/810101463_female_korean_voice1.mp3,korean,female,810101463_female_korean_voice1.mp3,810101463,True,59.63138321995465
./raw/Korean/Female/810101463_female_korean_voice10.mp3,korean,female,810101463_female_korean_voice10.mp3,810101463,True,61.75453514739229
./raw/Korean/Female/810101463_female_korean_voice2.mp3,korean,female,810101463_female_korean_voice2.mp3,810101463,True,58.54342403628118
./raw/Korean/Female/810101463_female_korean_voice3.mp3,korean,female,810101463_female_korean_voice3.mp3,810101463,True,62.83174603174603
./raw/Korean/Female/810101463_female_korean_voice4.mp3,korean,female,810101463_female_korean_voice4.mp3,810101463,True,55.53829931972789
./raw/Korean/Female/810101463_female_korean_voice5.mp3,korean,female,810101463_female_korean_voice5.mp3,810101463,True,57.20399092970521
./raw/Korean/Female/810101463_female_korean_voice6.mp3,korean,female,810101463_female_korean_voice6.mp3,810101463,True,49.464943310657596
./raw/Korean/Female/810101463_female_korean_voice7.mp3,korean,female,810101463_female_korean_voice7.mp3,810101463,True,64.90206349206349
./raw/Korean/Female/810101463_female_korean_voice8.mp3,korean,female,810101463_female_korean_voice8.mp3,810101463,True,70.43800453514739
./raw/Korean/Female/810101463_female_korean_voice9.mp3,korean,female,810101463_female_korean_voice9.mp3,810101463,True,67.99072562358276
./raw/Korean/Female/810101475_female_korean_voice01.mp3,korean,female,810101475_female_korean_voice01.mp3,810101475,True,53.0
./raw/Korean/Female/810101475_female_korean_voice02.mp3,korean,female,810101475_female_korean_voice02.mp3,810101475,True,60.0
./raw/Korean/Female/810101475_female_korean_voice03.mp3,korean,female,810101475_female_korean_voice03.mp3,810101475,True,60.0
./raw/Korean/Female/810101475_female_korean_voice04.mp3,korean,female,810101475_female_korean_voice04.mp3,810101475,True,59.0
./raw/Korean/Female/810101475_female_korean_voice05.mp3,korean,female,810101475_female_korean_voice05.mp3,810101475,True,55.0
./raw/Korean/Male/220701055_male_Korean_voice07.mp3,korean,male,220701055_male_Korean_voice07.mp3,220701055,True,67.41004535147393
./raw/Korean/Male/220701055_male_Korean_voice08.mp3,korean,male,220701055_male_Korean_voice08.mp3,220701055,True,60.09575963718821
./raw/Korean/Male/220701055_male_Korean_voice09.mp3,korean,male,220701055_male_Korean_voice09.mp3,220701055,True,72.08596371882086
./raw/Korean/Male/220701055_male_Korean_voice10.mp3,korean,male,220701055_male_Korean_voice10.mp3,220701055,True,62.08106575963719
./raw/Korean/Male/220701055_male_Korean_voice11.mp3,korean,male,220701055_male_Korean_voice11.mp3,220701055,True,61.11453514739229
./raw/Korean/Male/220701055_male_Korean_voice12.mp3,korean,male,220701055_male_Korean_voice12.mp3,220701055,True,63.09984126984127
./raw/Korean/Male/220701055_male_Korean_voice13.mp3,korean,male,220701055_male_Korean_voice13.mp3,220701055,True,66.07780045351474
./raw/Korean/Male/220701055_male_Korean_voice14.mp3,korean,male,220701055_male_Korean_voice14.mp3,220701055,True,67.09657596371882
./raw/Korean/Male/220701055_male_Korean_voice15.mp3,korean,male,220701055_male_Korean_voice15.mp3,220701055,True,64.48433106575963
./raw/Korean/Male/220701055_male_Korean_voice16.mp3,korean,male,220701055_male_Korean_voice16.mp3,220701055,True,64.09249433106577
./raw/Korean/Male/220701055_male_Korean_voice17.mp3,korean,male,220701055_male_Korean_voice17.mp3,220701055,True,71.09331065759638
./raw/Korean/Male/220701055_male_Korean_voice18.mp3,korean,male,220701055_male_Korean_voice18.mp3,220701055,True,59.28596371882086
./raw/Korean/Male/220701055_male_Korean_voice19.mp3,korean,male,220701055_male_Korean_voice19.mp3,220701055,True,57.300657596371884
./raw/Korean/Male/220701055_male_Korean_voice20.mp3,korean,male,220701055_male_Korean_voice20.mp3,220701055,True,68.29820861678004
./raw/Korean/Male/810101459_male_korean_voice01.mp3,korean,male,810101459_male_korean_voice01.mp3,810101459,True,58.069410430839
./raw/Korean/Male/810101459_male_korean_voice02.mp3,korean,male,810101459_male_korean_voice02.mp3,810101459,True,59.20802721088435
./raw/Korean/Male/810101459_male_korean_voice03.mp3,korean,male,810101459_male_korean_voice03.mp3,810101459,True,61.27176870748299
./raw/Korean/Male/810101459_male_korean_voice04.mp3,korean,male,810101459_male_korean_voice04.mp3,810101459,True,60.84478458049887
./raw/Korean/Male/810101459_male_korean_voice05.mp3,korean,male,810101459_male_korean_voice05.mp3,810101459,True,60.52455782312925
./raw/Korean/Male/810101459_male_korean_voice06.mp3,korean,male,810101459_male_korean_voice06.mp3,810101459,True,59.20802721088435
./raw/Korean/Male/810101459_male_korean_voice07.mp3,korean,male,810101459_male_korean_voice07.mp3,810101459,True,60.631292517006806
./raw/Korean/Male/810103090_male_korean_voice4.mp3,korean,male,810103090_male_korean_voice4.mp3,810103090,True,65.82020833333333
./raw/Korean/Male/810103090_male_korean_voice5.mp3,korean,male,810103090_male_korean_voice5.mp3,810103090,True,62.4143125
./raw/Korean/Male/810103090_male_korean_voice6.mp3,korean,male,810103090_male_korean_voice6.mp3,810103090,True,66.09958333333333
./raw/Korean/Male/810103090_male_korean_voice7.mp3,korean,male,810103090_male_korean_voice7.mp3,810103090,True,61.179458333333336
./raw/Korean/Male/810103090_male_korean_voice8.mp3,korean,male,810103090_male_korean_voice8.mp3,810103090,True,60.112
./raw/Korean/Male/810103090_male_korean_voice9.mp3,korean,male,810103090_male_korean_voice9.mp3,810103090,True,62.969833333333334
./raw/Korean/Male/810103153_male_korean_voice01.mp3,korean,male,810103153_male_korean_voice01.mp3,810103153,True,59.0180625
./raw/Korean/Male/810103153_male_korean_voice02.mp3,korean,male,810103153_male_korean_voice02.mp3,810103153,True,58.4180625
./raw/Korean/Male/810103153_male_korean_voice03.mp3,korean,male,810103153_male_korean_voice03.mp3,810103153,True,61.3460625
./raw/Korean/Male/810103153_male_korean_voice04.mp3,korean,male,810103153_male_korean_voice04.mp3,810103153,True,62.0
./raw/Korean/Male/810103153_male_korean_voice05.mp3,korean,male,810103153_male_korean_voice05.mp3,810103153,True,62.0
./raw/Korean/Male/810103153_male_korean_voice06.mp3,korean,male,810103153_male_korean_voice06.mp3,810103153,True,58.6100625
./raw/Korean/Male/810103153_male_korean_voice07.mp3,korean,male,810103153_male_korean_voice07.mp3,810103153,True,62.0
./raw/Korean/Male/810103153_male_korean_voice08.mp3,korean,male,810103153_male_korean_voice08.mp3,810103153,True,58.8980625
./raw/Korean/Male/810103153_male_korean_voice09.mp3,korean,male,810103153_male_korean_voice09.mp3,810103153,True,60.1460625
./raw/Korean/Male/810103153_male_korean_voice10.mp3,korean,male,810103153_male_korean_voice10.mp3,810103153,True,58.3460625
./raw/Korean/Male/810103153_male_korean_voice11.mp3,korean,male,810103153_male_korean_voice11.mp3,810103153,True,61.1780625
./raw/Korean/Male/810103153_male_korean_voice12.mp3,korean,male,810103153_male_korean_voice12.mp3,810103153,True,59.3060625
./raw/Korean/Male/810103153_male_korean_voice13.mp3,korean,male,810103153_male_korean_voice13.mp3,810103153,True,62.0
./raw/Korean/Male/810103153_male_korean_voice14.mp3,korean,male,810103153_male_korean_voice14.mp3,810103153,True,60.8420625
./raw/Korean/Male/810103153_male_korean_voice15.mp3,korean,male,810103153_male_korean_voice15.mp3,810103153,True,62.0
./raw/Korean/Male/810103153_male_korean_voice16.mp3,korean,male,810103153_male_korean_voice16.mp3,810103153,True,58.3220625
./raw/Korean/Male/810103153_male_korean_voice17.mp3,korean,male,810103153_male_korean_voice17.mp3,810103153,True,59.2580625
./raw/Korean/Male/810103153_male_korean_voice18.mp3,korean,male,810103153_male_korean_voice18.mp3,810103153,True,60.4340625
./raw/Korean/Male/810103153_male_korean_voice19.mp3,korean,male,810103153_male_korean_voice19.mp3,810103153,True,62.0
./raw/Korean/Male/810103153_male_korean_voice20.mp3,korean,male,810103153_male_korean_voice20.mp3,810103153,True,62.0
./raw/Korean/Male/810104067_male_korean_voice10.mp3,korean,male,810104067_male_korean_voice10.mp3,810104067,True,65.5553514739229
./raw/Korean/Male/810104067_male_korean_voice2.mp3,korean,male,810104067_male_korean_voice2.mp3,810104067,True,65.68596371882086
./raw/Korean/Male/810104067_male_korean_voice3.mp3,korean,male,810104067_male_korean_voice3.mp3,810104067,True,60.09575963718821
./raw/Korean/Male/810104067_male_korean_voice4.mp3,korean,male,810104067_male_korean_voice4.mp3,810104067,True,53.98310657596372
./raw/Korean/Male/810104067_male_korean_voice5.mp3,korean,male,810104067_male_korean_voice5.mp3,810104067,True,69.26473922902494
./raw/Korean/Male/810104067_male_korean_voice6.mp3,korean,male,810104067_male_korean_voice6.mp3,810104067,True,68.428820861678
./raw/Korean/Male/810104067_male_korean_voice7.mp3,korean,male,810104067_male_korean_voice7.mp3,810104067,True,65.8949433106576
./raw/Korean/Male/810104067_male_korean_voice8.mp3,korean,male,810104067_male_korean_voice8.mp3,810104067,True,74.2018820861678
./raw/Korean/Male/810104067_male_korean_voice9.mp3,korean,male,810104067_male_korean_voice9.mp3,810104067,True,51.26637188208617
./raw/Korean/Male/810104285_male_koren_voice01.mp3,korean,male,810104285_male_koren_voice01.mp3,810104285,True,58.560521541950116
./raw/Korean/Male/810104285_male_koren_voice02.mp3,korean,male,810104285_male_koren_voice02.mp3,810104285,True,66.65428571428572
./raw/Korean/Male/810104285_male_koren_voice03.mp3,korean,male,810104285_male_koren_voice03.mp3,810104285,True,65.85678004535147
./raw/Korean/Male/810104285_male_koren_voice04.mp3,korean,male,810104285_male_koren_voice04.mp3,810104285,True,57.51768707482993
./raw/Korean/Male/810104285_male_koren_voice05.mp3,korean,male,810104285_male_koren_voice05.mp3,810104285,True,68.14662131519275
./raw/Korean/Male/810104285_male_koren_voice06.mp3,korean,male,810104285_male_koren_voice06.mp3,810104285,True,56.752766439909294
./raw/Korean/Male/810104285_male_koren_voice07.mp3,korean,male,810104285_male_koren_voice07.mp3,810104285,True,60.748004535147395
./raw/Korean/Male/810104285_male_koren_voice08.mp3,korean,male,810104285_male_koren_voice08.mp3,810104285,True,56.69138321995465
./raw/Korean/Male/810104285_male_koren_voice09.mp3,korean,male,810104285_male_koren_voice09.mp3,810104285,True,58.91303854875284
./raw/Korean/Male/810104285_male_koren_voice10.mp3,korean,male,810104285_male_koren_voice10.mp3,810104285,True,56.92687074829932
./raw/Korean/Male/810101459_male_korean_voice09.mp3,korean,male,810101459_male_korean_voice09.mp3,810101459,True,59.635011337868484
./raw/Korean/Male/810101459_male_korean_voice10.mp3,korean,male,810101459_male_korean_voice10.mp3,810101459,True,60.66687074829932
./raw/Korean/Male/810101459_male_korean_voice11.mp3,korean,male,810101459_male_korean_voice11.mp3,810101459,True,60.27548752834467
./raw/Korean/Male/810101459_male_korean_voice12.mp3,korean,male,810101459_male_korean_voice12.mp3,810101459,True,58.78104308390023
./raw/Korean/Male/810101459_male_korean_voice13.mp3,korean,male,810101459_male_korean_voice13.mp3,810101459,True,60.9159410430839
./raw/Korean/Male/810101459_male_korean_voice14.mp3,korean,male,810101459_male_korean_voice14.mp3,810101459,True,60.06199546485261
./raw/Korean/Male/810101459_male_korean_voice15.mp3,korean,male,810101459_male_korean_voice15.mp3,810101459,True,61.69875283446712
./raw/Korean/Male/810101459_male_korean_voice16.mp3,korean,male,810101459_male_korean_voice16.mp3,810101459,True,56.00566893424036
./raw/Korean/Male/810101459_male_korean_voice17.mp3,korean,male,810101459_male_korean_voice17.mp3,810101459,True,60.77362811791383
./raw/Korean/Male/810101459_male_korean_voice18.mp3,korean,male,810101459_male_korean_voice18.mp3,810101459,True,60.7024716553288
./raw/Korean/Male/810101459_male_korean_voice19.mp3,korean,male,810101459_male_korean_voice19.mp3,810101459,True,59.421519274376415
./raw/Korean/Male/810101459_male_korean_voice20.mp3,korean,male,810101459_male_korean_voice20.mp3,810101459,True,61.342947845804986
./raw/Korean/Male/810102425_male_Korean_voice05.mp3,korean,male,810102425_male_Korean_voice05.mp3,810102425,True,56.025
./raw/Korean/Male/810102425_male_Korean_voice06.mp3,korean,male,810102425_male_Korean_voice06.mp3,810102425,True,56.386
./raw/Korean/Male/810102425_male_Korean_voice07.mp3,korean,male,810102425_male_Korean_voice07.mp3,810102425,True,55.147
./raw/Korean/Male/810102425_male_Korean_voice08.mp3,korean,male,810102425_male_Korean_voice08.mp3,810102425,True,55.451
./raw/Korean/Male/810102425_male_Korean_voice09.mp3,korean,male,810102425_male_Korean_voice09.mp3,810102425,True,57.589
./raw/Korean/Male/810102425_male_Korean_voice10.mp3,korean,male,810102425_male_Korean_voice10.mp3,810102425,True,55.306
./raw/Korean/Male/810103090_male_korean_voice1.mp3,korean,male,810103090_male_korean_voice1.mp3,810103090,True,63.906083333333335
./raw/Korean/Male/810103090_male_korean_voice10.mp3,korean,male,810103090_male_korean_voice10.mp3,810103090,True,66.22052083333334
./raw/Korean/Male/810103090_male_korean_voice2.mp3,korean,male,810103090_male_korean_voice2.mp3,810103090,True,62.62252083333333
./raw/Korean/Male/810101459_male_korean_voice08.mp3,korean,male,810101459_male_korean_voice08.mp3,810101459,True,60.488956916099774
./raw/Korean/Male/810103090_male_korean_voice3.mp3,korean,male,810103090_male_korean_voice3.mp3,810103090,True,66.74835416666667
./raw/Korean/Male/810104067_male_korean_voice1.mp3,korean,male,810104067_male_korean_voice1.mp3,810104067,True,67.4884126984127
./raw/Spanish/Female/220701071_female_spanish_voice1.mp3,spanish,female,220701071_female_spanish_voice1.mp3,220701071,True,60.00433106575964
./raw/Spanish/Female/220701071_female_spanish_voice10.mp3,spanish,female,220701071_female_spanish_voice10.mp3,220701071,True,63.021473922902494
./raw/Spanish/Female/220701071_female_spanish_voice2.mp3,spanish,female,220701071_female_spanish_voice2.mp3,220701071,True,60.618208616780045
./raw/Spanish/Female/220701071_female_spanish_voice3.mp3,spanish,female,220701071_female_spanish_voice3.mp3,220701071,True,60.618208616780045
./raw/Spanish/Female/220701071_female_spanish_voice4.mp3,spanish,female,220701071_female_spanish_voice4.mp3,220701071,True,59.62555555555556
./raw/Spanish/Female/220701071_female_spanish_voice5.mp3,spanish,female,220701071_female_spanish_voice5.mp3,220701071,True,57.405147392290246
./raw/Spanish/Female/220701071_female_spanish_voice6.mp3,spanish,female,220701071_female_spanish_voice6.mp3,220701071,True,63.07371882086168
./raw/Spanish/Female/220701071_female_spanish_voice7.mp3,spanish,female,220701071_female_spanish_voice7.mp3,220701071,True,70.0745351473923
./raw/Spanish/Female/220701071_female_spanish_voice8.mp3,spanish,female,220701071_female_spanish_voice8.mp3,220701071,True,60.01739229024943
./raw/Spanish/Female/220701071_female_spanish_voice9.mp3,spanish,female,220701071_female_spanish_voice9.mp3,220701071,True,69.3953514739229
./raw/Spanish/Female/610301117_female_spanish_voice1.mp3,spanish,female,610301117_female_spanish_voice1.mp3,610301117,True,67.0
./raw/Spanish/Female/610301117_female_spanish_voice10.mp3,spanish,female,610301117_female_spanish_voice10.mp3,610301117,True,68.0
./raw/Spanish/Female/610301117_female_spanish_voice2.mp3,spanish,female,610301117_female_spanish_voice2.mp3,610301117,True,67.0
./raw/Spanish/Female/610301117_female_spanish_voice3.mp3,spanish,female,610301117_female_spanish_voice3.mp3,610301117,True,56.0
./raw/Spanish/Female/610301117_female_spanish_voice4.mp3,spanish,female,610301117_female_spanish_voice4.mp3,610301117,True,61.0
./raw/Spanish/Female/610301117_female_spanish_voice5.mp3,spanish,female,610301117_female_spanish_voice5.mp3,610301117,True,56.0
./raw/Spanish/Female/610301117_female_spanish_voice6.mp3,spanish,female,610301117_female_spanish_voice6.mp3,610301117,True,59.0
./raw/Spanish/Female/610301117_female_spanish_voice7.mp3,spanish,female,610301117_female_spanish_voice7.mp3,610301117,True,60.0
./raw/Spanish/Female/610301117_female_spanish_voice8.mp3,spanish,female,610301117_female_spanish_voice8.mp3,610301117,True,65.0
./raw/Spanish/Female/610301117_female_spanish_voice9.mp3,spanish,female,610301117_female_spanish_voice9.mp3,610301117,True,60.0
./raw/Spanish/Female/810101574_female_spanish_voice1.mp3,spanish,female,810101574_female_spanish_voice1.mp3,810101574,True,62.73598639455782
./raw/Spanish/Female/810101574_female_spanish_voice10.mp3,spanish,female,810101574_female_spanish_voice10.mp3,810101574,True,61.4149433106576
./raw/Spanish/Female/810101574_female_spanish_voice2.mp3,spanish,female,810101574_female_spanish_voice2.mp3,810101574,True,59.155034013605444
./raw/Spanish/Female/810101574_female_spanish_voice3.mp3,spanish,female,810101574_female_spanish_voice3.mp3,810101574,True,57.39596371882086
./raw/Spanish/Female/810101574_female_spanish_voice4.mp3,spanish,female,810101574_female_spanish_voice4.mp3,810101574,True,59.708004535147396
./raw/Spanish/Female/810102515_female_spanish_voice6.mp3,spanish,female,810102515_female_spanish_voice6.mp3,810102515,True,64.0
./raw/Spanish/Female/810102515_female_spanish_voice7.mp3,spanish,female,810102515_female_spanish_voice7.mp3,810102515,True,57.000249433106575
./raw/Spanish/Female/810102515_female_spanish_voice8.mp3,spanish,female,810102515_female_spanish_voice8.mp3,810102515,True,63.0
./raw/Spanish/Female/810102515_female_spanish_voice9.mp3,spanish,female,810102515_female_spanish_voice9.mp3,810102515,True,53.0
./raw/Spanish/Female/810104118_female_spanish_voice1.mp3,spanish,female,810104118_female_spanish_voice1.mp3,810104118,True,64.01931972789116
./raw/Spanish/Female/810104118_female_spanish_voice10.mp3,spanish,female,810104118_female_spanish_voice10.mp3,810104118,True,62.14895691609977
./raw/Spanish/Female/810104118_female_spanish_voice2.mp3,spanish,female,810104118_female_spanish_voice2.mp3,810104118,True,59.44605442176871
./raw/Spanish/Female/810104118_female_spanish_voice3.mp3,spanish,female,810104118_female_spanish_voice3.mp3,810104118,True,59.020045351473925
./raw/Spanish/Female/810104118_female_spanish_voice4.mp3,spanish,female,810104118_female_spanish_voice4.mp3,810104118,True,62.46784580498866
./raw/Spanish/Female/810104118_female_spanish_voice5.mp3,spanish,female,810104118_female_spanish_voice5.mp3,810104118,True,64.01151927437641
./raw/Spanish/Female/810104118_female_spanish_voice6.mp3,spanish,female,810104118_female_spanish_voice6.mp3,810104118,True,60.72748299319728
./raw/Spanish/Female/810104118_female_spanish_voice7.mp3,spanish,female,810104118_female_spanish_voice7.mp3,810104118,True,60.012244897959185
./raw/Spanish/Female/810104118_female_spanish_voice8.mp3,spanish,female,810104118_female_spanish_voice8.mp3,810104118,True,55.54938775510204
./raw/Spanish/Female/810104118_female_spanish_voice9.mp3,spanish,female,810104118_female_spanish_voice9.mp3,810104118,True,62.00834467120181
./raw/Spanish/Female/810104164_female_spanish_voice1.mp3,spanish,female,810104164_female_spanish_voice1.mp3,810104164,True,66.03927437641724
./raw/Spanish/Female/810104164_female_spanish_voice10.mp3,spanish,female,810104164_female_spanish_voice10.mp3,810104164,True,56.15861678004535
./raw/Spanish/Female/810104164_female_spanish_voice2.mp3,spanish,female,810104164_female_spanish_voice2.mp3,810104164,True,75.84766439909298
./raw/Spanish/Female/810104164_female_spanish_voice3.mp3,spanish,female,810104164_female_spanish_voice3.mp3,810104164,True,63.52360544217687
./raw/Spanish/Female/810104164_female_spanish_voice4.mp3,spanish,female,810104164_female_spanish_voice4.mp3,810104164,True,61.99734693877551
./raw/Spanish/Female/810104164_female_spanish_voice5.mp3,spanish,female,810104164_female_spanish_voice5.mp3,810104164,True,61.42242630385488
./raw/Spanish/Female/810104164_female_spanish_voice6.mp3,spanish,female,810104164_female_spanish_voice6.mp3,810104164,True,61.52619047619048
./raw/Spanish/Female/810104164_female_spanish_voice7.mp3,spanish,female,810104164_female_spanish_voice7.mp3,810104164,True,64.61766439909297
./raw/Spanish/Female/810104164_female_spanish_voice8.mp3,spanish,female,810104164_female_spanish_voice8.mp3,810104164,True,63.91108843537415
./raw/Spanish/Female/810104164_female_spanish_voice9.mp3,spanish,female,810104164_female_spanish_voice9.mp3,810104164,True,61.30952380952381
./raw/Spanish/Female/810101574_female_spanish_voice6.mp3,spanish,female,810101574_female_spanish_voice6.mp3,810101574,True,62.40501133786848
./raw/Spanish/Female/810101574_female_spanish_voice7.mp3,spanish,female,810101574_female_spanish_voice7.mp3,810101574,True,63.50501133786848
./raw/Spanish/Female/810101574_female_spanish_voice8.mp3,spanish,female,810101574_female_spanish_voice8.mp3,810101574,True,62.90097505668934
./raw/Spanish/Female/810101574_female_spanish_voice9.mp3,spanish,female,810101574_female_spanish_voice9.mp3,810101574,True,58.54795918367347
./raw/Spanish/Female/810102470_female_spanish_voice1.mp3,spanish,female,810102470_female_spanish_voice1.mp3,810102470,True,60.97297916666667
./raw/Spanish/Female/810102470_female_spanish_voice10.mp3,spanish,female,810102470_female_spanish_voice10.mp3,810102470,True,56.98897916666667
./raw/Spanish/Female/810102470_female_spanish_voice2.mp3,spanish,female,810102470_female_spanish_voice2.mp3,810102470,True,66.99697916666666
./raw/Spanish/Female/810102470_female_spanish_voice3.mp3,spanish,female,810102470_female_spanish_voice3.mp3,810102470,True,59.98897916666667
./raw/Spanish/Female/810102470_female_spanish_voice4.mp3,spanish,female,810102470_female_spanish_voice4.mp3,810102470,True,57.99697916666667
./raw/Spanish/Female/810102470_female_spanish_voice5.mp3,spanish,female,810102470_female_spanish_voice5.mp3,810102470,True,58.980979166666664
./raw/Spanish/Female/810102470_female_spanish_voice6.mp3,spanish,female,810102470_female_spanish_voice6.mp3,810102470,True,57.99697916666667
./raw/Spanish/Female/810102470_female_spanish_voice7.mp3,spanish,female,810102470_female_spanish_voice7.mp3,810102470,True,59.98897916666667
./raw/Spanish/Female/810102470_female_spanish_voice8.mp3,spanish,female,810102470_female_spanish_voice8.mp3,810102470,True,60.97297916666667
./raw/Spanish/Female/810102470_female_spanish_voice9.mp3,spanish,female,810102470_female_spanish_voice9.mp3,810102470,True,60.99697916666667
./raw/Spanish/Female/810102515_female_spanish_voice1.mp3,spanish,female,810102515_female_spanish_voice1.mp3,810102515,True,51.0
./raw/Spanish/Female/810102515_female_spanish_voice10.mp3,spanish,female,810102515_female_spanish_voice10.mp3,810102515,True,67.0
./raw/Spanish/Female/810102515_female_spanish_voice2.mp3,spanish,female,810102515_female_spanish_voice2.mp3,810102515,True,50.0
./raw/Spanish/Female/810102515_female_spanish_voice3.mp3,spanish,female,810102515_female_spanish_voice3.mp3,810102515,True,68.0
./raw/Spanish/Female/810102515_female_spanish_voice4.mp3,spanish,female,810102515_female_spanish_voice4.mp3,810102515,True,63.0
./raw/Spanish/Female/810104301_female_spanish_voice10.mp3,spanish,female,810104301_female_spanish_voice10.mp3,810104301,True,60.429160997732424
./raw/Spanish/Female/810104301_female_spanish_voice2.mp3,spanish,female,810104301_female_spanish_voice2.mp3,810104301,True,63.361655328798186
./raw/Spanish/Female/810104301_female_spanish_voice3.mp3,spanish,female,810104301_female_spanish_voice3.mp3,810104301,True,72.0804081632653
./raw/Spanish/Female/810104301_female_spanish_voice4.mp3,spanish,female,810104301_female_spanish_voice4.mp3,810104301,True,67.7602947845805
./raw/Spanish/Female/810104301_female_spanish_voice5.mp3,spanish,female,810104301_female_spanish_voice5.mp3,810104301,True,61.319410430839
./raw/Spanish/Female/810104301_female_spanish_voice6.mp3,spanish,female,810104301_female_spanish_voice6.mp3,810104301,True,63.02124716553288
./raw/Spanish/Female/810104301_female_spanish_voice7.mp3,spanish,female,810104301_female_spanish_voice7.mp3,810104301,True,60.66482993197279
./raw/Spanish/Female/810104301_female_spanish_voice8.mp3,spanish,female,810104301_female_spanish_voice8.mp3,810104301,True,64.9849433106576
./raw/Spanish/Female/810104301_female_spanish_voice9.mp3,spanish,female,810104301_female_spanish_voice9.mp3,810104301,True,62.86419501133787
./raw/Spanish/Female/810800006_female_spanish_voice1.mp3,spanish,female,810800006_female_spanish_voice1.mp3,810800006,True,66.15467120181405
./raw/Spanish/Female/810800006_female_spanish_voice10.mp3,spanish,female,810800006_female_spanish_voice10.mp3,810800006,True,61.05598639455782
./raw/Spanish/Female/810800006_female_spanish_voice2.mp3,spanish,female,810800006_female_spanish_voice2.mp3,810800006,True,71.23201814058957
./raw/Spanish/Female/810800006_female_spanish_voice3.mp3,spanish,female,810800006_female_spanish_voice3.mp3,810800006,True,65.49333333333334
./raw/Spanish/Female/810800006_female_spanish_voice4.mp3,spanish,female,810800006_female_spanish_voice4.mp3,810800006,True,60.52265306122449
./raw/Spanish/Female/810800006_female_spanish_voice5.mp3,spanish,female,810800006_female_spanish_voice5.mp3,810800006,True,57.0453514739229
./raw/Spanish/Female/810800006_female_spanish_voice6.mp3,spanish,female,810800006_female_spanish_voice6.mp3,810800006,True,53.248004535147395
./raw/Spanish/Female/810800006_female_spanish_voice7.mp3,spanish,female,810800006_female_spanish_voice7.mp3,810800006,True,59.32800453514739
./raw/Spanish/Female/810800006_female_spanish_voice8.mp3,spanish,female,810800006_female_spanish_voice8.mp3,810800006,True,57.15201814058957
./raw/Spanish/Female/810800006_female_spanish_voice9.mp3,spanish,female,810800006_female_spanish_voice9.mp3,810800006,True,54.18666666666667
./raw/Spanish/Female/810101574_female_spanish_voice5.mp3,spanish,female,810101574_female_spanish_voice5.mp3,810101574,True,63.00907029478458
./raw/Spanish/Female/810102515_female_spanish_voice5.mp3,spanish,female,810102515_female_spanish_voice5.mp3,810102515,True,71.0
./raw/Spanish/Female/810104301_female_spanish_voice1.mp3,spanish,female,810104301_female_spanish_voice1.mp3,810104301,True,68.33632653061224
./raw/Spanish/Male/810102442_male_spanish_voice1.mp3,spanish,male,810102442_male_spanish_voice1.mp3,810102442,True,51.72
./raw/Spanish/Male/810102442_male_spanish_voice10.mp3,spanish,male,810102442_male_spanish_voice10.mp3,810102442,True,54.768
./raw/Spanish/Male/810102442_male_spanish_voice2.mp3,spanish,male,810102442_male_spanish_voice2.mp3,810102442,True,54.336
./raw/Spanish/Male/810102442_male_spanish_voice3.mp3,spanish,male,810102442_male_spanish_voice3.mp3,810102442,True,68.208
./raw/Spanish/Male/810102442_male_spanish_voice4.mp3,spanish,male,810102442_male_spanish_voice4.mp3,810102442,True,56.688
./raw/Spanish/Male/810102442_male_spanish_voice5.mp3,spanish,male,810102442_male_spanish_voice5.mp3,810102442,True,55.776
./raw/Spanish/Male/810102442_male_spanish_voice6.mp3,spanish,male,810102442_male_spanish_voice6.mp3,810102442,True,56.4
./raw/Spanish/Male/810102442_male_spanish_voice7.mp3,spanish,male,810102442_male_spanish_voice7.mp3,810102442,True,43.608
./raw/Spanish/Male/810102442_male_spanish_voice8.mp3,spanish,male,810102442_male_spanish_voice8.mp3,810102442,True,62.184
./raw/Spanish/Male/810102442_male_spanish_voice9.mp3,spanish,male,810102442_male_spanish_voice9.mp3,810102442,True,62.472
./raw/Spanish/Male/810102552_male_spanish_voice1.mp3,spanish,male,810102552_male_spanish_voice1.mp3,810102552,True,58.50229024943311
./raw/Spanish/Male/810102552_male_spanish_voice10.mp3,spanish,male,810102552_male_spanish_voice10.mp3,810102552,True,64.2492290249433
./raw/Spanish/Male/810102552_male_spanish_voice2.mp3,spanish,male,810102552_male_spanish_voice2.mp3,810102552,True,64.37984126984126
./raw/Spanish/Male/810102552_male_spanish_voice3.mp3,spanish,male,810102552_male_spanish_voice3.mp3,810102552,True,61.11453514739229
./raw/Spanish/Male/810102552_male_spanish_voice4.mp3,spanish,male,810102552_male_spanish_voice4.mp3,810102552,True,52.31126984126984
./raw/Spanish/Male/810102552_male_spanish_voice5.mp3,spanish,male,810102552_male_spanish_voice5.mp3,810102552,True,61.50637188208617
./raw/Spanish/Male/810102552_male_spanish_voice6.mp3,spanish,male,810102552_male_spanish_voice6.mp3,810102552,True,61.192902494331065
./raw/Spanish/Male/810102552_male_spanish_voice7.mp3,spanish,male,810102552_male_spanish_voice7.mp3,810102552,True,64.17086167800454
./raw/Spanish/Male/810102552_male_spanish_voice8.mp3,spanish,male,810102552_male_spanish_voice8.mp3,810102552,True,65.47698412698412
./raw/Spanish/Male/810104117_male_spanish_voice10.mp3,spanish,male,810104117_male_spanish_voice10.mp3,810104117,True,57.23970833333333
./raw/Spanish/Male/810104117_male_spanish_voice2.mp3,spanish,male,810104117_male_spanish_voice2.mp3,810104117,True,61.192125
./raw/Spanish/Male/810104117_male_spanish_voice3.mp3,spanish,male,810104117_male_spanish_voice3.mp3,810104117,True,61.084125
./raw/Spanish/Male/810104117_male_spanish_voice4.mp3,spanish,male,810104117_male_spanish_voice4.mp3,810104117,True,65.54658333333333
./raw/Spanish/Male/810104117_male_spanish_voice5.mp3,spanish,male,810104117_male_spanish_voice5.mp3,810104117,True,59.33172916666667
./raw/Spanish/Male/810104117_male_spanish_voice6.mp3,spanish,male,810104117_male_spanish_voice6.mp3,810104117,True,66.33002083333334
./raw/Spanish/Male/810104117_male_spanish_voice7.mp3,spanish,male,810104117_male_spanish_voice7.mp3,810104117,True,64.80685416666667
./raw/Spanish/Male/810104117_male_spanish_voice8.mp3,spanish,male,810104117_male_spanish_voice8.mp3,810104117,True,60.115770833333336
./raw/Spanish/Male/810104117_male_spanish_voice9.mp3,spanish,male,810104117_male_spanish_voice9.mp3,810104117,True,61.43804166666666
./raw/Spanish/Male/810104229_male_spanish_voice1.mp3,spanish,male,810104229_male_spanish_voice1.mp3,810104229,True,54.516979166666665
./raw/Spanish/Male/810104229_male_spanish_voice10.mp3,spanish,male,810104229_male_spanish_voice10.mp3,810104229,True,63.82897916666667
./raw/Spanish/Male/810104229_male_spanish_voice2.mp3,spanish,male,810104229_male_spanish_voice2.mp3,810104229,True,66.01297916666667
./raw/Spanish/Male/810104229_male_spanish_voice3.mp3,spanish,male,810104229_male_spanish_voice3.mp3,810104229,True,58.52497916666667
./raw/Spanish/Male/810104229_male_spanish_voice4.mp3,spanish,male,810104229_male_spanish_voice4.mp3,810104229,True,60.99697916666667
./raw/Spanish/Male/810104229_male_spanish_voice5.mp3,spanish,male,810104229_male_spanish_voice5.mp3,810104229,True,52.52497916666667
./raw/Spanish/Male/810104229_male_spanish_voice6.mp3,spanish,male,810104229_male_spanish_voice6.mp3,810104229,True,60.492979166666665
./raw/Spanish/Male/810104229_male_spanish_voice7.mp3,spanish,male,810104229_male_spanish_voice7.mp3,810104229,True,60.01297916666667
./raw/Spanish/Male/810104229_male_spanish_voice8.mp3,spanish,male,810104229_male_spanish_voice8.mp3,810104229,True,56.028979166666666
./raw/Spanish/Male/810104229_male_spanish_voice9.mp3,spanish,male,810104229_male_spanish_voice9.mp3,810104229,True,54.01297916666667
./raw/Spanish/Male/810104265_male_spanish_voice1.mp3,spanish,male,810104265_male_spanish_voice1.mp3,810104265,True,66.70420833333333
./raw/Spanish/Male/810104265_male_spanish_voice10.mp3,spanish,male,810104265_male_spanish_voice10.mp3,810104265,True,73.6164375
./raw/Spanish/Male/810104265_male_spanish_voice2.mp3,spanish,male,810104265_male_spanish_voice2.mp3,810104265,True,56.79233333333333
./raw/Spanish/Male/810104265_male_spanish_voice3.mp3,spanish,male,810104265_male_spanish_voice3.mp3,810104265,True,66.44020833333333
./raw/Spanish/Male/810104265_male_spanish_voice4.mp3,spanish,male,810104265_male_spanish_voice4.mp3,810104265,True,71.072125
./raw/Spanish/Male/810104265_male_spanish_voice5.mp3,spanish,male,810104265_male_spanish_voice5.mp3,810104265,True,60.75208333333333
./raw/Spanish/Male/810104265_male_spanish_voice6.mp3,spanish,male,810104265_male_spanish_voice6.mp3,810104265,True,67.040375
./raw/Spanish/Male/810104265_male_spanish_voice8.mp3,spanish,male,810104265_male_spanish_voice8.mp3,810104265,True,57.8960625
./raw/Spanish/Male/810104265_male_spanish_voice9.mp3,spanish,male,810104265_male_spanish_voice9.mp3,810104265,True,57.2003125
./raw/Spanish/Male/810104281_male_spanish_voice1.mp3,spanish,male,810104281_male_spanish_voice1.mp3,810104281,True,68.98648526077098
./raw/Spanish/Male/810104281_male_spanish_voice10.mp3,spanish,male,810104281_male_spanish_voice10.mp3,810104281,True,69.79918367346939
./raw/Spanish/Male/810104281_male_spanish_voice2.mp3,spanish,male,810104281_male_spanish_voice2.mp3,810104281,True,53.939954648526076
./raw/Spanish/Male/810104281_male_spanish_voice3.mp3,spanish,male,810104281_male_spanish_voice3.mp3,810104281,True,69.5437641723356
./raw/Spanish/Male/810104281_male_spanish_voice4.mp3,spanish,male,810104281_male_spanish_voice4.mp3,810104281,True,67.5004081632653
./raw/Spanish/Male/810104281_male_spanish_voice5.mp3,spanish,male,810104281_male_spanish_voice5.mp3,810104281,True,59.60562358276644
./raw/Spanish/Male/810104281_male_spanish_voice6.mp3,spanish,male,810104281_male_spanish_voice6.mp3,810104281,True,64.15673469387755
./raw/Spanish/Male/810104281_male_spanish_voice7.mp3,spanish,male,810104281_male_spanish_voice7.mp3,810104281,True,61.811519274376415
./raw/Spanish/Male/810104281_male_spanish_voice8.mp3,spanish,male,810104281_male_spanish_voice8.mp3,810104281,True,76.90448979591837
./raw/Spanish/Male/810104281_male_spanish_voice9.mp3,spanish,male,810104281_male_spanish_voice9.mp3,810104281,True,61.37034013605442
./raw/Spanish/Male/810104303_male_spanish_voice1.mp3,spanish,male,810104303_male_spanish_voice1.mp3,810104303,True,48.0
./raw/Spanish/Male/810104303_male_spanish_voice10.mp3,spanish,male,810104303_male_spanish_voice10.mp3,810104303,True,60.1
./raw/Spanish/Male/810104303_male_spanish_voice2.mp3,spanish,male,810104303_male_spanish_voice2.mp3,810104303,True,61.9
./raw/Spanish/Male/810104303_male_spanish_voice3.mp3,spanish,male,810104303_male_spanish_voice3.mp3,810104303,True,58.9
./raw/Spanish/Male/810104303_male_spanish_voice4.mp3,spanish,male,810104303_male_spanish_voice4.mp3,810104303,True,71.0
./raw/Spanish/Male/810104303_male_spanish_voice5.mp3,spanish,male,810104303_male_spanish_voice5.mp3,810104303,True,63.2
./raw/Spanish/Male/810104303_male_spanish_voice6.mp3,spanish,male,810104303_male_spanish_voice6.mp3,810104303,True,66.7
./raw/Spanish/Male/810104303_male_spanish_voice7.mp3,spanish,male,810104303_male_spanish_voice7.mp3,810104303,True,59.9
./raw/Spanish/Male/810104303_male_spanish_voice8.mp3,spanish,male,810104303_male_spanish_voice8.mp3,810104303,True,63.9
./raw/Spanish/Male/810104303_male_spanish_voice9.mp3,spanish,male,810104303_male_spanish_voice9.mp3,810104303,True,60.2
./raw/Spanish/Male/810103254_male_spanish_voice1.mp3,spanish,male,810103254_male_spanish_voice1.mp3,810103254,True,56.30986394557823
./raw/Spanish/Male/810103254_male_spanish_voice10.mp3,spanish,male,810103254_male_spanish_voice10.mp3,810103254,True,59.46072562358277
./raw/Spanish/Male/810103254_male_spanish_voice2.mp3,spanish,male,810103254_male_spanish_voice2.mp3,810103254,True,58.92891156462585
./raw/Spanish/Male/810103254_male_spanish_voice3.mp3,spanish,male,810103254_male_spanish_voice3.mp3,810103254,True,53.80986394557823
./raw/Spanish/Male/810103254_male_spanish_voice4.mp3,spanish,male,810103254_male_spanish_voice4.mp3,810103254,True,52.26222222222222
./raw/Spanish/Male/810103254_male_spanish_voice5.mp3,spanish,male,810103254_male_spanish_voice5.mp3,810103254,True,60.95274376417233
./raw/Spanish/Male/810103254_male_spanish_voice6.mp3,spanish,male,810103254_male_spanish_voice6.mp3,810103254,True,62.024195011337866
./raw/Spanish/Male/810103254_male_spanish_voice7.mp3,spanish,male,810103254_male_spanish_voice7.mp3,810103254,True,53.57174603174603
./raw/Spanish/Male/810103254_male_spanish_voice8.mp3,spanish,male,810103254_male_spanish_voice8.mp3,810103254,True,60.83371882086168
./raw/Spanish/Male/810103254_male_spanish_voice9.mp3,spanish,male,810103254_male_spanish_voice9.mp3,810103254,True,58.89442176870748
./raw/Spanish/Male/810103314_male_spanish_voice1.mp3,spanish,male,810103314_male_spanish_voice1.mp3,810103314,True,57.476009070294786
./raw/Spanish/Male/810103314_male_spanish_voice10.mp3,spanish,male,810103314_male_spanish_voice10.mp3,810103314,True,61.8
./raw/Spanish/Male/810103314_male_spanish_voice2.mp3,spanish,male,810103314_male_spanish_voice2.mp3,810103314,True,58.09843537414966
./raw/Spanish/Male/810103314_male_spanish_voice3.mp3,spanish,male,810103314_male_spanish_voice3.mp3,810103314,True,42.574784580498864
./raw/Spanish/Male/810103314_male_spanish_voice4.mp3,spanish,male,810103314_male_spanish_voice4.mp3,810103314,True,56.25
./raw/Spanish/Male/810103314_male_spanish_voice5.mp3,spanish,male,810103314_male_spanish_voice5.mp3,810103314,True,51.7
./raw/Spanish/Male/810103314_male_spanish_voice6.mp3,spanish,male,810103314_male_spanish_voice6.mp3,810103314,True,60.0
./raw/Spanish/Male/810103314_male_spanish_voice7.mp3,spanish,male,810103314_male_spanish_voice7.mp3,810103314,True,57.0
./raw/Spanish/Male/810103314_male_spanish_voice8.mp3,spanish,male,810103314_male_spanish_voice8.mp3,810103314,True,61.25
./raw/Spanish/Male/810103314_male_spanish_voice9.mp3,spanish,male,810103314_male_spanish_voice9.mp3,810103314,True,58.25
./raw/Spanish/Male/810102552_male_spanish_voice9.mp3,spanish,male,810102552_male_spanish_voice9.mp3,810102552,True,53.19943310657597
./raw/Spanish/Male/810104117_male_spanish_voice1.mp3,spanish,male,810104117_male_spanish_voice1.mp3,810104117,True,60.400333333333336
./raw/Spanish/Male/810104265_male_spanish_voice7.mp3,spanish,male,810104265_male_spanish_voice7.mp3,810104265,True,62.720125
